c_ids,ct_idx
101269,8
101273,4
101285,4
101286,3
101300,4
101302,4
101305,4
101307,4
101314,4
101326,4
101327,4
101329,4
101336,4
101339,3
101342,4
101343,2
101344,8
101346,4
101351,8
101355,2
101365,2
101377,4
101384,4
101386,4
101387,4
101389,8
101392,8
101400,4
101401,4
101407,8
101410,3
101411,7
101412,4
101413,4
101416,7
101418,4
101424,4
101431,7
101432,8
101438,4
101441,8
101447,4
101448,3
101451,4
101460,8
101461,4
101465,8
101468,4
101478,4
101480,4
101486,8
101487,4
101488,8
101489,8
101492,8
101495,4
101496,4
101499,7
101500,2
101502,8
101505,4
101507,4
101511,4
101514,8
101523,8
101524,8
101528,8
101532,8
101551,8
101554,8
101556,1
101558,8
101561,8
101564,8
101567,3
101577,8
101578,8
101592,8
101594,8
101595,8
101596,8
101603,8
101604,4
101605,8
101619,4
101621,8
101622,8
101623,2
101625,8
101633,8
101639,8
101640,8
101649,8
101651,8
101654,4
101657,8
101662,8
101668,8
101671,8
101678,4
101680,8
101681,8
101685,8
101686,4
101687,8
101688,8
101689,4
101692,8
101696,8
101699,8
101701,8
101702,4
101708,8
101709,3
101712,8
101716,8
101718,8
101723,8
101724,8
101727,8
101730,7
101735,4
101736,8
101744,4
101748,4
101758,8
101759,4
101760,8
101764,4
101767,8
101773,8
101774,4
101775,8
101776,8
101778,8
101782,8
101783,4
101791,8
101792,1
101796,8
101807,8
101811,8
101813,4
101820,8
101821,8
101823,4
101824,8
101830,8
101835,0
101839,8
101840,8
101844,8
101845,8
101847,8
101855,4
101862,8
101863,3
101865,4
101869,8
101876,1
101881,8
101882,8
101884,8
101885,4
101888,4
101893,8
101895,4
101898,1
101899,8
101907,8
101909,8
101922,8
101924,1
101925,8
101928,3
101935,4
101937,8
101938,8
101939,8
101941,4
101947,8
101949,8
101955,8
101959,4
101961,8
101970,8
101971,4
101980,8
101981,8
101991,8
101995,8
101999,8
102003,4
102006,8
102011,4
102016,8
102018,8
102023,8
102025,0
102027,8
102032,8
102034,4
102040,8
102053,8
102064,8
102074,8
102077,7
102079,8
102083,8
102088,3
102091,3
102098,2
102104,8
102107,8
102108,8
102114,8
102118,8
102119,8
102121,8
102125,8
102130,8
102131,8
102139,8
102143,8
102144,8
102145,8
102149,8
102154,8
102159,8
102160,4
102161,8
102164,8
102168,4
102172,8
102180,8
102184,8
102187,8
102188,8
102190,4
102191,4
102193,4
102203,8
102215,6
102218,6
102219,5
102223,5
102225,2
102226,5
102228,5
102230,8
102231,5
102232,5
102233,5
102234,6
102236,5
102237,5
102238,6
102239,5
102240,2
102241,2
102242,5
102243,5
102244,3
102247,5
102250,5
102253,5
102255,5
102258,6
102259,5
102263,5
102264,5
102266,6
102267,6
102268,2
102269,6
102270,6
102271,6
102279,6
102284,6
102286,3
102287,5
102289,8
102291,5
102292,5
102295,8
102296,6
102297,5
102298,6
102299,3
102306,3
102309,6
102310,6
102311,5
102312,5
102313,4
102316,5
102319,8
102321,8
102322,5
102325,5
102326,8
102327,6
102330,8
102333,7
102335,8
102336,8
102337,6
102339,8
102340,5
102341,4
102342,4
102344,3
102346,5
102347,4
102348,3
102349,4
102353,8
102354,8
102355,3
102356,8
102361,4
102363,8
102365,8
102366,4
102367,6
102368,8
102369,0
102370,4
102371,4
102372,4
102374,4
102376,8
102377,8
102378,4
102379,8
102381,8
102384,4
102385,4
102387,3
102388,4
102390,4
102395,4
102397,4
102398,4
102402,4
102403,5
102404,8
102405,8
102407,5
102408,4
102409,4
102410,5
102411,4
102413,4
102416,3
102417,4
102418,8
102419,4
102420,4
102423,8
102425,4
102430,4
102432,5
102435,8
102438,7
102442,5
102444,6
102448,4
102450,8
102453,8
102455,6
102458,8
102459,4
102462,8
102464,8
102465,3
102466,4
102467,5
102474,5
102476,4
102477,5
102479,8
102480,5
102481,3
102482,4
102483,5
102487,4
102488,7
102489,4
102492,4
102493,4
102494,4
102500,8
102501,8
102504,1
102505,5
102508,7
102509,4
102510,8
102516,4
102517,8
102519,8
102520,8
102521,8
102524,6
102526,3
102531,4
102532,4
102535,4
102538,5
102541,4
102544,8
102547,6
102548,5
102552,8
102553,8
102554,6
102555,4
102557,3
102560,5
102561,4
102563,4
102565,3
102566,8
102568,0
102569,8
102572,8
102575,3
102576,6
102577,3
102579,4
102581,5
102585,5
102586,4
102588,2
102593,8
102594,6
102597,6
102598,3
102599,4
102600,5
102604,6
102605,8
102606,5
102608,4
102609,4
102610,8
102611,8
102613,5
102614,4
102616,5
102617,4
102618,4
102620,4
102621,4
102623,4
102630,5
102632,4
102633,6
102634,8
102638,8
102643,8
102644,4
102645,8
102646,8
102647,4
102648,5
102649,8
102650,8
102651,6
102652,8
102654,4
102656,4
102658,5
102659,6
102661,3
102662,5
102663,4
102665,4
102667,4
102668,8
102669,8
102670,6
102673,6
102680,6
102682,3
102683,6
102685,8
102686,8
102687,7
102689,8
102691,4
102692,5
102693,8
102694,8
102695,4
102697,8
102698,4
102699,6
102700,4
102701,6
102703,5
102704,8
102705,5
102707,6
102710,4
102713,8
102714,6
102715,4
102717,5
102719,6
102720,8
102723,4
102725,5
102726,5
102727,1
102728,4
102729,8
102730,4
102731,4
102732,8
102733,4
102735,4
102736,6
102738,8
102741,4
102742,8
102744,5
102746,8
102749,8
102751,5
102752,5
102753,5
102754,8
102757,2
102758,5
102760,8
102761,8
102762,8
102763,8
102764,4
102765,8
102766,8
102767,4
102768,5
102771,7
102772,8
102775,5
102776,5
102777,8
102778,5
102779,8
102781,8
102782,4
102783,1
102784,8
102790,1
102795,4
102798,8
102800,8
102801,8
102802,2
102803,8
102804,8
102806,5
102807,8
102808,8
102809,1
102810,2
102812,8
102813,8
102816,8
102818,5
102820,8
102821,3
102822,4
102823,3
102825,8
102826,5
102827,4
102828,5
102829,4
102838,8
102839,8
102840,5
102843,4
102844,8
102845,8
102846,8
102848,7
102849,8
102850,8
102851,1
102852,8
102855,4
102859,5
102860,5
102861,5
102862,8
102865,5
102866,8
102867,8
102871,8
102872,3
102873,8
102875,8
102876,8
102878,8
102881,4
102883,8
102886,4
102887,8
102891,8
102893,0
102894,5
102895,8
102899,8
102900,8
102901,8
102904,5
102905,0
102907,8
102908,8
102910,8
102912,4
102913,8
102914,5
102915,3
102916,3
102917,8
102918,4
102919,8
102921,1
102922,8
102923,8
102925,1
102926,5
102927,4
102929,5
102931,1
102932,8
102933,2
102935,8
102938,5
102939,8
102941,8
102942,4
102945,8
102946,8
102947,0
102949,0
102950,4
102951,6
102952,4
102953,1
102954,4
102955,8
102957,8
102959,5
102960,8
102961,8
102963,5
102964,1
102965,8
102966,5
102967,4
102968,4
102969,5
102970,8
102971,8
102972,8
102973,1
102978,3
102980,1
102981,4
102983,1
102984,8
102986,4
102987,8
102988,5
102989,5
102994,8
102997,4
103000,5
103001,8
103007,4
103008,3
103009,1
103010,7
103011,8
103012,8
103013,5
103015,8
103016,5
103017,4
103018,5
103019,5
103020,8
103021,4
103025,4
103027,1
103028,8
103030,3
103032,8
103033,4
103035,8
103036,3
103037,4
103038,2
103039,8
103041,4
103042,2
103043,4
103044,5
103046,4
103047,4
103050,5
103053,4
103055,5
103058,4
103059,4
103060,5
103062,5
103063,3
103064,5
103065,8
103066,4
103067,2
103070,4
103080,5
103084,5
103089,5
103090,6
103091,5
103092,5
103098,5
103099,6
103101,5
103102,5
103105,5
103106,6
103107,5
103109,5
103110,5
103114,5
103116,5
103119,5
103121,6
103122,5
103123,6
103128,5
103130,5
103131,5
103132,5
103133,5
103136,6
103137,5
103138,5
103140,5
103141,8
103143,8
103146,5
103147,5
103150,5
103151,5
103154,4
103156,5
103158,5
103159,5
103162,5
103164,5
103165,5
103170,5
103173,5
103174,5
103178,5
103180,5
103181,5
103185,5
103186,5
103191,5
103193,5
103198,5
103203,5
103204,8
103205,5
103206,5
103207,6
103211,5
103213,8
103214,5
103215,5
103216,5
103217,4
103220,5
103223,5
103224,4
103225,5
103227,6
103229,5
103230,5
103242,4
103243,4
103247,5
103250,3
103253,5
103254,4
103257,5
103261,2
103262,4
103265,5
103267,8
103269,5
103270,2
103271,4
103272,4
103273,5
103274,5
103278,5
103280,4
103285,8
103286,4
103292,6
103294,6
103301,8
103302,7
103303,6
103304,4
103306,5
103308,4
103310,5
103311,5
103312,8
103313,5
103314,8
103315,6
103316,4
103317,5
103319,8
103320,0
103323,4
103324,2
103327,8
103330,8
103332,8
103333,4
103334,8
103335,8
103336,8
103337,4
103338,2
103341,5
103342,8
103344,8
103347,4
103348,8
103350,8
103352,4
103353,2
103355,4
103358,8
103360,8
103363,4
103367,8
103368,8
103369,8
103370,4
103371,8
103372,8
103376,4
103377,8
103378,4
103379,8
103382,4
103384,4
103385,8
103387,8
103388,8
103389,8
103392,4
103393,4
103394,8
103395,8
103397,4
103400,4
103401,2
103402,3
103407,4
103409,4
103410,4
103411,8
103413,8
103414,8
103415,8
103416,2
103417,8
103418,4
103419,8
103420,4
103421,8
103422,8
103425,8
103426,8
103427,7
103431,3
103433,4
103434,4
103436,6
103441,4
103444,7
103449,8
103450,8
103451,4
103452,8
103453,8
103454,8
103455,4
103456,8
103457,8
103459,8
103460,8
103462,4
103465,8
103466,4
103469,1
103473,4
103475,5
103476,8
103477,8
103478,5
103479,5
103480,8
103481,8
103483,5
103484,4
103485,4
103487,8
103492,4
103493,2
103496,4
103497,8
103498,1
103499,5
103502,2
103503,8
103504,2
103505,5
103508,2
103510,2
103511,8
103512,4
103513,4
103514,8
103515,8
103520,4
103521,8
103523,8
103524,2
103527,8
103528,8
103531,0
103534,8
103535,8
103539,2
103540,8
103542,4
103543,4
103544,8
103545,5
103548,8
103551,4
103552,8
103553,8
103555,7
103556,3
103559,8
103560,0
103562,0
103563,3
103565,3
103567,8
103568,8
103569,3
103570,4
103572,8
103575,0
103576,8
103577,8
103578,4
103580,4
103583,8
103585,8
103586,3
103587,3
103588,7
103590,4
103593,4
103594,2
103597,8
103600,8
103603,4
103607,4
103608,8
103609,8
103610,5
103612,8
103616,4
103617,8
103618,4
103619,8
103620,8
103623,8
103624,8
103625,1
103626,8
103629,5
103630,8
103631,4
103634,4
103635,4
103644,8
103646,7
103647,4
103648,8
103650,5
103651,3
103652,8
103656,8
103659,2
103660,3
103661,8
103662,8
103663,2
103664,8
103666,8
103669,8
103671,8
103674,8
103675,5
103676,8
103679,3
103680,5
103681,8
103682,5
103683,5
103684,5
103685,4
103686,3
103687,5
103688,8
103689,4
103691,3
103693,8
103695,5
103696,3
103697,5
103699,8
103700,5
103702,3
103706,8
103707,8
103708,8
103712,5
103713,8
103714,4
103716,4
103718,8
103719,5
103721,5
103724,0
103725,5
103728,8
103729,5
103730,3
103731,8
103734,8
103735,8
103737,8
103738,8
103739,5
103740,8
103741,8
103744,8
103745,5
103746,8
103747,8
103751,5
103752,8
103754,3
103755,8
103756,8
103758,8
103761,8
103762,5
103763,4
103764,8
103766,8
103767,3
103769,8
103770,4
103771,4
103772,4
103775,5
103777,3
103778,5
103779,8
103780,5
103781,8
103782,4
103784,4
103785,4
103786,3
103790,5
103792,8
103793,5
103794,8
103795,8
103799,5
103802,4
103803,4
103805,3
103809,5
103811,5
103812,3
103815,8
103816,5
103818,5
103819,8
103822,3
103823,8
103824,2
103825,3
103826,5
103827,1
103832,5
103833,8
103836,5
103838,3
103840,5
103842,3
103844,8
103845,3
103847,3
103848,8
103849,4
103852,5
103855,5
103856,4
103857,8
103858,4
103859,3
103862,5
103863,5
103866,3
103867,3
103869,5
103870,5
103871,5
103872,8
103874,5
103876,5
103878,5
103883,5
103888,3
103889,3
103891,5
103892,5
103915,8
103916,1
103918,8
103920,8
103923,5
103925,5
103927,6
103928,8
103929,6
103932,8
103936,5
103937,6
103940,8
103944,8
103945,5
103946,6
103947,8
103948,8
103952,8
103954,5
103955,8
103957,8
103960,6
103961,5
103962,8
103968,8
103970,7
103971,8
103972,8
103976,4
103978,8
103979,8
103980,8
103982,8
103984,5
103986,8
103991,8
103993,6
103995,8
103996,8
103999,2
104000,4
104001,5
104005,5
104006,8
104007,8
104008,8
104009,0
104010,5
104011,8
104012,8
104014,8
104015,8
104017,8
104022,8
104023,4
104024,8
104030,8
104034,8
104035,6
104037,8
104039,8
104040,8
104043,8
104044,8
104045,5
104049,8
104054,6
104056,8
104058,8
104059,8
104061,8
104062,8
104064,8
104065,8
104067,8
104068,6
104069,8
104071,8
104072,8
104074,8
104075,8
104077,8
104078,8
104081,8
104085,5
104086,8
104087,8
104092,6
104093,8
104096,4
104101,5
104105,4
104106,6
104109,8
104110,8
104112,8
104115,1
104118,8
104119,8
104120,4
104123,8
104126,4
104128,8
104129,8
104130,8
104134,8
104137,8
104138,6
104140,4
104142,6
104143,4
104146,8
104149,4
104150,8
104151,8
104153,8
104154,8
104155,8
104158,8
104160,8
104162,8
104165,4
104166,8
104167,4
104168,8
104169,8
104170,8
104172,8
104173,8
104175,8
104176,7
104177,8
104180,8
104182,4
104184,8
104188,8
104189,8
104190,8
104191,8
104192,8
104193,4
104194,8
104196,8
104201,8
104205,8
104206,8
104207,8
104208,8
104209,8
104212,8
104213,8
104216,8
104219,8
104220,8
104221,8
104222,8
104223,4
104224,8
104225,8
104228,8
104229,8
104230,8
104231,3
104232,8
104233,8
104234,8
104240,8
104241,8
104242,8
104243,8
104246,8
104248,8
104249,4
104251,0
104253,8
104255,4
104256,8
104260,8
104261,8
104262,8
104266,4
104267,8
104268,8
104270,8
104273,8
104274,8
104276,8
104277,8
104278,8
104279,8
104280,8
104281,8
104282,8
104283,8
104286,8
104292,8
104295,8
104296,8
104298,8
104299,8
104302,8
104306,8
104307,8
104308,8
104312,8
104314,4
104316,3
104317,8
104318,8
104319,8
104321,4
104323,8
104325,4
104327,4
104329,8
104330,8
104331,8
104333,8
104334,8
104335,4
104337,8
104338,8
104339,8
104340,8
104341,8
104344,8
104346,8
104349,1
104350,4
104351,0
104353,4
104355,8
104359,4
104362,8
104364,4
104365,8
104366,8
104368,3
104369,2
104371,7
104372,8
104373,8
104377,4
104378,8
104379,8
104382,8
104383,8
104384,8
104385,4
104387,4
104389,8
104391,8
104392,8
104393,8
104394,8
104395,8
104396,8
104397,2
104398,8
104399,8
104400,8
104401,8
104407,4
104408,8
104412,8
104413,8
104414,8
104417,8
104419,8
104421,8
104423,4
104424,8
104425,8
104427,8
104429,8
104433,8
104435,8
104438,4
104439,8
104442,8
104445,8
104446,8
104447,8
104448,4
104450,1
104451,4
104452,8
104453,8
104455,4
104456,8
104457,8
104460,8
104462,8
104464,8
104466,8
104469,4
104470,8
104471,8
104474,8
104475,8
104476,8
104477,8
104482,7
104484,8
104485,8
104486,8
104489,8
104490,8
104491,8
104494,8
104495,8
104497,8
104498,8
104500,8
104501,8
104506,8
104508,8
104509,8
104512,8
104517,4
104520,8
104525,8
104528,8
104529,8
104531,7
104533,8
104536,8
104537,8
104539,8
104541,8
104545,8
104547,8
104548,8
104549,8
104550,8
104552,8
104553,8
104555,8
104556,2
104558,4
104560,4
104562,7
104563,8
104566,4
104567,2
104571,8
104572,8
104575,0
104576,8
104582,8
104583,8
104585,8
104588,8
104589,8
104591,8
104592,8
104593,8
104598,8
104600,8
104601,8
104604,8
104606,4
104608,8
104609,8
104610,8
104611,8
104612,4
104613,1
104614,8
104617,8
104618,8
104620,8
104621,8
104622,4
104626,8
104630,4
104631,4
104634,8
104635,8
104636,1
104638,8
104641,8
104642,8
104643,8
104646,4
104648,8
104650,4
104651,1
104652,8
104654,8
104655,4
104656,8
104657,8
104659,8
104661,4
104662,8
104663,8
104665,8
104667,8
104668,4
104671,8
104674,8
104677,1
104678,8
104682,3
104683,8
104687,8
104689,8
104690,4
104692,4
104693,4
104694,3
104695,4
104697,4
104698,8
104699,8
104700,4
104702,3
104703,8
104704,8
104706,4
104707,8
104711,4
104712,8
104713,8
104714,8
104715,8
104716,8
104717,8
104719,4
104720,8
104721,4
104722,4
104723,8
104724,8
104726,4
104727,8
104728,4
104729,4
104730,8
104732,2
104734,8
104735,8
104736,5
104737,4
104738,4
104740,8
104741,3
104742,4
104743,8
104745,8
104746,0
104748,5
104749,8
104750,4
104751,8
104752,8
104754,5
104755,4
104756,4
104757,3
104758,8
104759,3
104760,8
104761,8
104762,4
104763,8
104764,3
104767,8
104771,8
104774,3
104775,5
104777,4
104779,8
104780,2
104784,5
104786,8
104790,3
104791,8
104794,3
104795,8
104797,8
104798,4
104799,5
104804,4
104807,8
104809,3
104810,3
104813,4
104814,4
104815,2
104817,2
104819,5
104820,8
104822,8
104823,5
104824,5
104825,4
104826,5
104827,2
104828,4
104830,8
104832,8
104833,1
104834,4
104836,3
104837,3
104841,3
104842,5
104843,8
104844,5
104847,4
104848,3
104849,4
104850,3
104851,8
104853,4
104854,4
104855,8
104858,5
104861,8
104862,3
104863,3
104864,5
104865,4
104866,8
104871,5
104872,8
104873,8
104874,5
104875,3
104876,4
104877,5
104879,8
104880,8
104882,3
104883,3
104884,8
104887,4
104888,5
104890,5
104892,2
104894,4
104898,3
104899,8
104900,4
104902,4
104903,4
104904,5
104906,3
104907,5
104910,8
104911,4
104912,8
104914,5
104915,4
104916,5
104919,5
104921,5
104923,3
104927,7
104932,4
104933,5
104936,3
104938,5
104939,5
104940,5
104945,4
104966,2
104976,8
105000,2
105008,8
105022,3
105055,8
105080,4
105111,3
105150,4
105166,4
105193,4
105207,8
105211,8
105226,8
105231,4
105253,8
105256,8
105263,4
105274,8
105300,8
105322,8
105344,4
105351,4
105362,2
105368,3
105381,1
105394,8
105422,4
105469,5
105472,5
105511,5
105553,5
105576,5
105606,5
105658,8
111606,7
111607,8
111608,1
111609,8
111610,4
111612,1
111615,8
111622,4
111625,8
111633,7
111638,0
111641,8
111653,8
111657,7
111662,4
111676,8
111679,8
111681,8
111685,8
111691,8
111694,4
111700,8
111705,4
111707,8
111708,4
111718,8
111722,8
111725,4
111728,4
111729,4
111737,8
111740,1
111741,4
111743,4
111745,8
111746,4
111748,4
111750,4
111758,4
111766,8
111767,4
111776,4
111780,8
111784,4
111791,8
111792,8
111793,4
111801,8
111802,8
111804,8
111806,4
111811,8
111815,7
111816,8
111817,8
111819,4
111822,8
111823,4
111832,4
111843,8
111845,8
111852,8
111858,0
111860,8
111861,4
111866,4
111868,4
111871,8
111872,8
111885,8
111888,1
111893,4
111894,8
111898,4
111900,4
111905,8
111910,4
111914,8
111917,8
111918,8
111920,4
111921,8
111928,8
111930,8
111933,3
111934,8
111938,8
111939,4
111940,1
111945,1
111946,8
111947,8
111948,8
111956,8
111957,4
111963,8
111964,8
111971,8
111977,7
111978,8
111983,1
111985,1
111987,1
111991,8
111996,3
111997,8
111998,8
112000,8
112004,4
112011,4
112013,8
112015,4
112018,4
112019,4
112021,4
112022,8
112024,4
112027,4
112032,8
112033,4
112035,4
112037,4
112038,8
112040,4
112041,8
112042,8
112043,4
112045,8
112049,8
112052,4
112054,4
112056,8
112057,4
112059,4
112061,4
112062,8
112064,8
112070,8
112073,4
112076,4
112077,4
112082,8
112083,4
112089,8
112092,8
112095,8
112099,3
112104,4
112105,8
112107,8
112109,8
112110,8
112111,8
112112,1
112113,4
112117,8
112123,8
112124,8
112133,8
112134,8
112135,4
112137,8
112139,8
112145,4
112147,8
112150,8
112152,4
112154,2
112155,4
112158,4
112159,8
112161,4
112162,8
112163,8
112166,8
112170,2
112173,8
112177,2
112178,2
112180,1
112182,8
112184,2
112188,8
112189,8
112190,8
112191,8
112192,8
112196,0
112197,8
112199,8
112200,8
112201,8
112205,8
112209,8
112270,5
112272,5
112273,4
112274,5
112275,5
112278,4
112281,3
112282,5
112284,8
112285,5
112288,5
112294,8
112297,8
112298,3
112299,5
112302,8
112309,4
112311,5
112313,5
112316,8
112317,4
112320,8
112321,4
112322,5
112323,5
112324,4
112327,4
112328,5
112329,5
112330,8
112334,2
112343,4
112344,4
112345,5
112347,4
112348,8
112349,8
112350,4
112354,5
112356,4
112357,5
112358,5
112362,5
112363,4
112364,4
112365,5
112367,5
112368,4
112371,5
112373,4
112375,5
112376,4
112378,4
112379,8
112381,4
112383,8
112386,4
112387,3
112388,1
112390,5
112399,4
112400,4
112402,1
112404,3
112406,5
112407,2
112410,3
112413,4
112414,3
112415,4
112416,8
112420,8
112421,5
112422,4
112424,8
112425,8
112426,3
112429,4
112432,8
112433,8
112434,4
112436,8
112437,4
112441,5
112442,5
112444,4
112445,4
112446,4
112447,3
112448,4
112453,3
112456,8
112457,5
112459,4
112461,4
112462,3
112463,8
112466,4
112467,3
112470,3
112472,4
112473,4
112474,5
112477,3
112478,4
112480,5
112481,4
112484,8
112486,4
112488,4
112490,5
112491,8
112493,5
112497,8
112499,4
112500,4
112501,4
112503,8
112504,1
112505,4
112506,3
112509,8
112514,4
112515,5
112516,0
112517,4
112518,3
112519,0
112520,8
112521,5
112523,8
112524,6
112525,4
112526,5
112527,8
112528,8
112529,8
112530,8
112531,8
112532,8
112533,8
112535,4
112541,8
112543,8
112544,4
112545,4
112547,3
112548,8
112552,5
112556,8
112557,4
112559,8
112560,3
112561,8
112562,8
112563,8
112565,8
112566,8
112568,8
112569,8
112570,3
112572,5
112573,4
112575,2
112576,8
112577,5
112578,8
112579,8
112580,2
112583,4
112585,8
112586,8
112587,4
112588,4
112589,4
112590,5
112591,5
112592,8
112595,8
112596,8
112597,0
112598,8
112599,8
112600,8
112602,8
112603,8
112604,8
112605,8
112606,4
112607,2
112608,4
112612,4
112614,8
112615,5
112616,0
112617,8
112618,4
112619,1
112623,7
112624,8
112625,4
112626,4
112627,8
112628,8
112633,8
112635,4
112636,8
112638,5
112641,8
112642,8
112643,8
112644,8
112645,4
112646,3
112647,8
112648,8
112649,8
112650,8
112651,8
112652,8
112653,8
112654,8
112655,8
112656,4
112657,8
112659,8
112662,8
112664,8
112667,8
112668,8
112669,8
112672,8
112673,8
112674,8
112677,8
112678,8
112679,8
112680,8
112681,4
112682,8
112683,4
112684,8
112685,8
112687,4
112688,4
112689,2
112690,8
112691,8
112692,4
112693,8
112694,4
112695,8
112698,1
112701,8
112704,1
112707,8
112709,8
112711,8
112712,8
112713,8
112716,8
112720,8
112721,8
112722,3
112724,8
112725,4
112726,3
112727,4
112728,5
112729,8
112730,8
112731,0
112732,0
112733,8
112734,0
112735,8
112739,8
112742,8
112743,0
112745,8
112747,8
112748,8
112749,8
112750,8
112753,8
112755,4
112756,8
112757,4
112758,8
112761,8
112762,8
112763,8
112764,8
112765,8
112767,1
112769,8
112770,8
112771,0
112773,8
112774,8
112776,4
112777,4
112780,8
112782,3
112783,8
112784,8
112785,8
112786,8
112787,7
112788,8
112789,4
112790,8
112791,8
112792,8
112795,4
112796,4
112798,8
112799,8
112800,8
112802,2
112804,4
112805,8
112806,4
112807,8
112808,8
112812,8
112813,8
112814,8
112816,8
112819,8
112820,8
112825,8
112827,8
112828,8
112831,8
112832,8
112833,2
112834,8
112835,8
112838,8
112839,1
112840,8
112841,8
112842,4
112843,8
112844,8
112850,4
112852,8
112857,2
112858,8
112859,8
112860,8
112863,8
112865,8
112868,8
112869,8
112870,4
112871,8
112872,4
112874,8
112875,4
112876,4
112878,4
112880,4
112881,8
113107,5
113108,5
113109,5
113110,5
113117,5
113118,5
113121,5
113122,5
113125,5
113127,5
113128,5
113129,5
113130,3
113132,5
113134,3
113135,5
113138,2
113142,5
113143,5
113148,5
113155,5
113156,5
113157,5
113158,5
113160,8
113163,8
113166,5
113167,4
113171,3
113173,3
113175,0
113176,4
113179,3
113180,5
113183,5
113189,3
113190,5
113191,5
113192,4
113194,5
113195,5
113196,5
113197,5
113198,5
113199,5
113200,5
113203,8
113204,5
113205,5
113207,8
113209,4
113210,5
113211,8
113212,5
113214,4
113215,5
113217,5
113221,3
113222,5
113223,4
113224,5
113226,3
113228,5
113229,3
113230,5
113231,5
113234,4
113235,8
113237,4
113238,5
113239,2
113240,5
113241,5
113242,5
113243,4
113244,3
113247,5
113248,5
113249,8
113253,6
113257,4
113258,5
113259,5
113260,5
113263,6
113264,5
113266,5
113267,8
113269,5
113272,3
113273,3
113274,4
113276,0
113278,5
113281,8
113282,3
113284,4
113285,8
113286,3
113287,4
113289,8
113294,4
113298,5
113299,4
113301,4
113302,4
113303,3
113304,4
113305,4
113307,3
113308,8
113309,8
113312,0
113313,8
113314,5
113315,5
113317,4
113318,4
113319,8
113321,4
113322,8
113323,2
113325,2
113326,8
113329,5
113330,5
113332,4
113333,4
113336,4
113338,5
113339,4
113342,8
113344,8
113346,3
113347,8
113348,4
113349,8
113350,8
113352,8
113354,8
113355,8
113358,8
113359,6
113360,4
113361,8
113362,8
113364,8
113367,8
113368,8
113369,8
113370,8
113371,4
113372,8
113374,8
113375,4
113377,8
113378,3
113381,8
113385,8
113386,8
113390,8
113392,4
113393,8
113395,8
113396,8
113397,4
113398,8
113400,8
113401,0
113403,8
113404,8
113405,8
113407,8
113409,8
113413,8
113415,8
113416,8
113419,8
113420,8
113422,8
113423,4
113424,7
113425,8
113426,2
113427,8
113430,8
113431,8
113432,8
113435,8
113436,8
113438,4
113441,4
113443,4
113444,8
113446,8
113449,8
113450,8
113453,8
113454,8
113455,4
113456,4
113457,8
113458,8
113459,8
113460,8
113462,8
113463,8
113467,8
113468,8
113469,4
113471,8
113476,4
113481,8
113483,0
113485,8
113486,4
113487,8
113488,8
113489,8
113491,8
113492,8
113493,0
113494,8
113496,0
113498,7
113499,8
113500,8
113501,8
113503,8
113504,4
113505,8
113506,2
113509,0
113510,8
113511,4
113513,8
113515,8
113516,8
113517,8
113518,8
113520,8
113522,8
113524,8
113525,8
113527,8
113530,8
113531,8
113534,8
113535,8
113537,1
113539,8
113540,8
113544,2
113546,8
113549,2
113550,8
113552,8
113553,8
113554,8
113556,8
113557,8
113558,8
113559,8
113560,4
113562,8
113564,8
113567,4
113568,8
113574,4
113575,4
113576,8
113580,8
113582,8
113583,8
113584,8
113586,8
113587,8
113589,8
113592,8
113598,8
113599,8
113600,8
113604,8
113605,8
113606,8
113608,8
113609,8
113611,8
113612,8
113614,8
113617,8
113619,2
113620,8
113622,8
113623,8
113624,8
113625,8
113627,4
113631,8
113633,8
113634,0
113636,8
113637,0
113638,8
113644,0
113645,8
113647,4
113649,8
113650,8
113652,8
113654,0
113657,8
113658,8
113659,8
113660,8
113665,8
113666,8
113668,4
113669,8
113670,8
113674,4
113677,8
113678,8
113680,8
113682,8
113683,8
113684,8
113687,8
113688,8
113689,8
113690,5
113691,8
113692,8
113693,8
113695,8
113696,8
113699,8
113700,8
113703,8
113707,8
113709,8
113710,8
113713,8
113714,8
113716,8
113719,8
113721,8
113723,8
113724,4
113725,8
113727,5
113728,4
113731,8
113734,8
113735,4
113737,8
113740,4
113744,8
113749,8
113751,0
113753,8
113754,4
113756,8
113758,8
113759,8
113763,0
113764,8
113765,8
113766,8
113767,8
113769,8
113771,5
113773,8
113774,8
113777,8
113778,8
113782,8
113784,8
113788,2
113792,8
113794,5
113795,8
113799,8
113802,8
113803,8
113804,8
113805,8
113806,8
113810,8
113811,8
113813,8
113814,8
113816,8
113817,1
113818,4
113819,0
113822,8
113824,8
113826,8
113827,8
113829,8
113831,8
113832,8
113833,8
113836,8
113837,8
113839,4
113844,8
113848,4
113850,0
113851,8
113855,8
113856,0
113857,8
113860,8
113861,5
113867,8
113869,8
113872,8
113873,8
113879,8
113880,0
113882,8
113883,8
113885,4
113886,0
113887,8
113889,5
113890,8
113891,8
113893,8
113895,8
113896,5
113897,8
113898,8
113899,8
113901,8
113904,8
113905,8
113906,8
113912,8
113914,8
113915,8
113916,8
113917,8
113919,0
113921,8
113922,8
113923,4
113924,8
113925,8
81421,8
81426,4
81433,8
81434,2
81438,8
81440,8
81441,2
81447,8
81453,8
81463,3
81478,2
81479,8
114247,5
114248,3
81482,4
114249,5
114251,5
114252,5
114254,8
114255,5
114256,3
81489,2
114257,5
114258,2
114259,5
114260,5
114263,2
114265,3
114266,5
114267,5
114268,5
114269,5
114271,5
81506,8
114275,5
114277,5
81511,2
114279,4
114281,5
114282,5
114284,8
114286,5
81519,4
81520,8
114288,3
114287,5
114291,5
114290,4
114294,5
114295,3
81528,8
114296,5
81530,1
81531,2
114299,3
114297,5
114302,8
81535,2
114303,0
114304,4
81538,7
114305,1
114306,5
114309,8
114310,4
114312,4
114313,4
114315,5
114316,4
114317,4
114318,0
81551,8
114320,8
114321,4
114322,8
114323,5
114324,3
114325,5
114326,4
114330,3
81563,8
81565,1
81567,8
114337,8
114338,5
114339,5
114340,4
114342,4
81575,3
114343,5
114344,2
81578,8
114345,4
114346,5
114349,4
114350,8
114352,8
114354,5
114355,8
114357,2
114358,3
114359,4
114361,3
114362,3
114364,0
81598,8
114366,5
114369,4
114370,5
114372,4
114373,4
114374,4
114375,5
81608,4
81609,3
81610,1
114379,4
81612,2
114381,3
114382,5
114376,3
81618,8
114386,4
114389,3
81621,8
114391,8
81625,8
114393,4
114395,4
81630,3
114398,4
114401,5
81634,4
114402,5
114403,5
114404,8
114406,5
81640,3
114408,4
114410,5
81644,7
81645,0
81646,0
114413,5
114416,5
81648,1
114415,8
81651,8
81652,2
114421,8
114422,5
81653,8
114417,8
81657,8
114418,8
114420,5
114425,5
114429,5
114430,5
114431,8
114432,8
81662,8
114427,4
114434,5
81667,4
114428,8
81669,4
81670,8
81671,3
114440,5
114441,8
81672,4
114443,5
114437,7
114439,1
114442,4
114447,3
114444,3
81681,8
81682,4
114451,2
114452,5
114446,3
81687,7
81688,1
114455,4
114457,5
114458,8
114460,5
114463,5
81696,7
114464,5
114465,5
81699,2
81700,0
81701,8
114468,5
114467,8
114472,8
114474,5
81707,8
81708,2
114476,2
81710,8
81711,8
114477,8
114478,8
114479,8
114482,3
114480,8
114485,2
114481,3
114487,3
114488,5
114490,4
114491,2
81725,8
114493,0
114495,8
114496,4
81729,1
114494,3
114497,8
81732,4
114500,4
114501,3
81735,8
114498,5
114505,5
114507,1
81740,8
114509,8
114510,4
81743,8
114512,3
114511,5
81746,1
81747,4
114515,8
114514,3
114516,8
114517,5
81752,1
114520,8
114521,5
81755,8
114524,2
114525,8
81758,1
114526,5
114528,5
114529,5
114527,8
81764,8
114533,8
114534,4
81768,8
114536,5
81771,4
81772,8
114539,8
114542,4
114540,5
114541,0
114543,5
114546,8
114544,5
114545,5
81780,2
81781,4
81782,8
114548,8
81784,8
81785,4
114553,8
81787,1
81788,1
114550,8
114551,5
81791,4
114560,5
114561,5
114554,8
114557,8
81796,8
114564,8
81798,1
114566,3
81800,3
114569,5
114571,8
114567,8
114570,4
114572,2
81805,3
81806,7
114577,8
114578,4
81807,8
81808,2
114581,8
114574,8
114575,3
81811,4
114585,8
81812,2
114579,5
81814,8
114580,0
114582,4
114583,8
114586,8
81819,8
114588,4
114589,8
114587,8
114590,5
81826,4
114591,8
114593,8
114598,5
81831,8
81832,8
114600,3
114603,4
81837,8
114605,3
114606,8
114607,8
114608,3
114609,8
114612,2
114614,8
114615,4
114616,4
114617,8
114618,4
114620,8
114621,2
114622,3
114625,3
114629,5
114631,8
114632,4
114633,8
114634,5
114639,2
114640,2
114642,4
114643,3
114644,8
114645,4
114646,5
114648,3
114649,4
114653,8
114657,8
114658,2
114659,4
114661,5
114662,8
114664,8
114665,8
114670,8
114671,4
114673,3
114675,1
114676,3
114678,8
114680,8
114872,8
114900,4
114928,8
82176,8
82183,8
82184,8
82186,8
82189,1
82190,8
82191,2
114957,3
82193,8
82195,8
82196,8
82197,8
82198,4
82199,8
82200,8
82204,8
82206,8
82207,2
82208,4
82212,1
82213,0
82214,4
82218,8
82222,4
82224,8
82225,8
82226,0
82228,8
82229,8
82230,8
82232,8
82233,1
82235,8
82236,8
82237,8
82238,8
82240,8
82242,2
82244,8
82245,8
82248,8
82251,8
82252,1
82256,8
82260,4
82261,8
82262,8
82263,8
82264,0
82265,8
82267,8
82268,8
82269,4
82270,8
82271,8
82272,8
82274,2
82275,4
82276,8
115043,2
82278,2
82280,8
82281,8
82282,4
82283,8
82285,1
82286,4
82288,4
82289,8
82290,8
82291,4
82292,8
82293,8
82294,8
82295,8
82296,8
115061,5
82298,8
115064,2
82301,4
82302,8
82305,8
82308,8
82309,8
82310,4
82315,7
82316,8
82317,2
82320,4
82321,8
82322,8
82324,8
82327,8
82328,8
82329,2
82330,8
82331,8
82333,4
82336,1
115105,5
82338,8
82340,1
82341,4
82342,8
82346,8
82347,2
82348,8
82350,8
82351,8
82352,3
82353,8
82354,8
82355,1
82356,8
82357,2
82358,8
82359,8
82360,3
82361,8
82362,8
82363,8
82364,8
115124,5
82367,8
82368,8
82370,8
82371,8
82374,8
82376,8
82378,8
82380,3
82381,8
82383,8
82384,4
82385,8
82386,8
82387,4
82388,1
82389,8
82390,4
82391,3
82393,8
82394,4
82396,4
82397,8
82398,8
82399,8
82400,8
82401,8
82403,4
82405,1
82406,8
82407,4
82408,4
82409,8
82410,2
82412,8
82413,8
82414,8
82416,8
82417,4
82418,8
82419,8
82420,8
115184,3
82422,3
82423,8
82425,8
82426,8
82427,4
82428,8
82429,8
82430,8
82431,8
82432,8
82437,8
82439,8
82442,8
82443,8
82444,8
82445,8
82446,8
82447,8
82448,8
82451,4
82452,2
82453,8
82454,2
82456,8
82457,8
82459,8
82460,3
82461,3
82463,3
82464,8
82465,8
82466,4
115232,4
115233,8
82471,4
82472,8
82473,8
82475,3
82477,8
82479,4
82480,4
82481,4
82482,6
82483,4
82486,4
82487,5
82488,6
82489,5
82490,8
82491,5
82492,4
82494,5
82496,5
82498,8
82499,4
82500,5
82501,5
82503,8
82505,8
82506,5
115273,4
82509,8
82512,5
82513,3
82514,5
115282,8
82516,8
82517,8
82518,4
82521,5
82525,8
82526,8
82532,8
82533,3
82536,5
82537,3
82540,8
115309,2
115312,8
82545,4
82546,0
82547,4
82549,8
82553,5
82554,4
82555,8
82556,4
82562,4
82563,5
82566,8
82567,5
115334,1
82569,5
82571,5
82573,8
82574,4
82575,8
82576,5
82577,4
82578,4
82579,3
115341,4
82581,8
82582,4
82583,4
115347,8
82585,5
82586,8
82591,4
82596,5
82597,8
115364,4
82600,4
82601,5
82602,5
82603,4
115371,4
82605,8
82606,5
115375,4
82611,5
82614,8
82615,4
82616,8
82617,5
82620,4
82622,4
82624,8
82625,4
82626,4
82628,4
82629,5
82630,4
82633,5
82634,5
82635,8
82636,8
82638,5
82639,4
82640,8
82643,8
82644,5
82645,5
82646,5
82647,5
82648,5
82649,8
82651,4
82652,5
82656,8
82657,4
82661,4
82662,5
82666,5
82668,8
82670,5
82671,4
82672,5
82673,5
82676,5
82679,3
82681,8
82686,5
82687,5
82689,5
82690,5
82692,4
82693,5
82694,5
82695,5
82696,5
82697,5
82704,5
82705,5
82709,4
82712,5
82714,5
82717,5
82719,5
82720,5
82721,4
82722,4
82724,5
82727,5
82906,3
82907,4
82910,1
82912,8
82913,5
82916,5
82918,4
82919,8
82920,3
82921,8
82922,8
82923,4
82927,8
82931,8
82932,8
82934,4
82935,8
82937,4
82938,5
82939,3
82940,8
82941,8
82942,8
82943,4
82944,2
82945,3
82947,8
82949,4
82950,8
82951,3
82956,4
82957,8
82958,8
82959,8
82960,8
82961,8
82963,3
82965,4
82966,4
82967,8
82968,8
82972,8
82973,4
82974,8
82975,4
82977,8
82978,0
82979,4
82980,8
82982,8
82983,8
82984,8
82986,3
82987,8
82988,8
82989,8
82990,8
82991,1
82992,8
82994,3
82995,8
82996,4
82997,4
82998,8
83001,8
83003,4
83004,8
83005,8
83009,8
83011,8
83014,0
83016,8
83019,8
83021,4
83022,4
83024,4
83025,8
83026,8
83027,8
83028,8
83029,8
83031,8
83032,4
83036,8
83037,8
83038,4
83039,2
83040,8
83041,8
83042,4
83044,8
83046,0
83048,8
83050,4
83052,8
83054,2
83055,4
83056,8
83057,8
83058,8
83059,3
83060,8
83061,4
83062,8
83064,8
83065,8
83066,4
83068,8
83070,1
83071,4
83072,8
83076,4
83077,4
83078,4
83079,3
83080,8
83081,8
83082,4
83083,3
83087,8
83091,4
83093,4
83096,8
83097,8
83099,8
83100,4
83101,8
83106,8
83107,8
83108,4
83109,8
83111,1
83113,8
83114,8
83115,8
83117,4
83118,8
83120,4
83121,4
83122,1
83124,4
83125,8
83126,8
83127,8
83128,2
83129,4
83130,8
83131,0
83132,8
83133,4
83136,8
83137,4
83138,4
83139,8
83140,4
83142,8
83145,1
83146,8
83147,1
83148,8
83151,8
83152,3
83153,8
83155,8
83158,4
83159,4
83162,7
83165,4
83167,8
83169,4
83171,4
83172,4
83173,8
83174,4
83175,7
83176,4
83177,4
83178,8
83179,7
83181,8
83182,8
83185,8
83186,4
83187,4
83189,4
83190,4
83194,4
83195,4
83197,8
83199,4
83201,3
83203,8
83204,8
83206,2
83209,1
83212,4
83213,8
83214,8
83216,4
83217,8
83218,8
83219,4
83220,4
83221,8
83222,8
83224,8
83226,4
83227,3
83228,4
83229,8
83230,3
83231,4
83233,4
83234,8
83235,4
83237,2
83238,8
83239,4
83240,8
83242,2
83243,8
83244,8
83246,4
83248,4
83250,2
83251,2
83253,4
83255,0
83258,3
83260,4
83262,4
83265,4
83267,4
83269,3
83271,4
83273,4
83275,6
83276,4
83278,3
83280,2
83281,8
83282,3
83284,8
83289,8
83291,4
83292,6
83293,3
83294,4
83295,3
83296,5
83297,4
83300,6
83301,5
83302,4
83304,8
83305,3
83306,5
83307,8
83313,3
83315,4
83318,4
83319,5
83322,5
83326,3
83329,8
83330,4
83331,8
83333,1
83336,5
83339,5
83340,5
83341,4
83342,3
83345,2
83346,8
83347,4
83348,5
83349,8
83351,3
83354,5
83355,4
83356,3
83358,4
83359,3
83361,3
83362,4
83365,4
83370,3
83371,5
83373,4
83374,1
83376,8
83378,3
83379,8
83381,5
83382,5
83384,4
83388,3
83389,8
83392,5
83393,4
83394,6
83395,4
83399,0
83401,5
83402,3
83403,8
83408,1
83411,4
83412,8
83413,8
83415,5
83417,3
83418,5
83419,3
83420,3
83421,8
83422,4
83423,2
83424,5
83428,3
83429,3
83433,3
83434,5
83435,5
83437,3
83440,4
83441,4
83442,8
83443,4
83444,8
83445,8
83448,3
83449,4
83450,3
83451,4
83452,3
83453,3
83455,8
83457,8
83459,8
83460,5
83464,3
83465,3
83466,5
83468,5
83469,5
83470,5
83471,5
83480,3
83483,5
83484,8
83842,6
83852,8
83853,8
83854,8
83856,4
83857,8
83859,4
83860,4
83862,8
83863,8
83865,4
83867,7
83868,6
83869,8
83870,6
83871,2
83873,8
83874,6
83877,4
83878,4
83879,6
83880,4
83881,8
83885,8
83886,4
83888,8
83889,6
83890,8
83891,4
83893,4
83894,4
83895,4
83896,2
83901,5
83902,2
83903,8
83906,3
83907,3
83908,8
83909,8
83913,4
83914,4
83915,8
83916,3
83917,8
83918,8
83919,5
83921,5
83923,6
83924,8
83925,4
83927,8
83928,8
83929,4
83930,4
83932,5
83934,4
83935,8
83936,8
83938,8
83939,4
83940,8
83941,4
83942,5
83948,4
83949,5
83951,6
83952,6
83954,7
83955,6
83957,0
83959,4
83960,4
83961,8
83962,8
83963,5
83964,6
83965,4
83967,6
83971,8
83973,8
83975,5
83976,4
83980,8
83981,6
83983,8
83984,5
83985,8
83987,8
83988,7
83990,8
83991,8
83993,4
83996,5
83997,7
83998,4
83999,6
84000,4
84004,6
84005,5
84007,8
84008,4
84011,7
84014,6
84015,5
84016,6
84019,2
84021,5
84022,5
84023,6
84024,6
84025,6
84027,8
84031,8
84032,7
84034,8
84036,4
84039,6
84041,8
84043,3
84045,5
84046,2
84049,5
84050,8
84052,8
84056,6
84057,6
84058,5
84059,6
84060,6
84061,5
84062,5
84065,6
84067,6
84068,2
84072,6
84074,5
84076,6
84077,8
84079,4
84080,8
84081,8
84084,4
84087,4
84088,8
84089,6
84091,5
84093,5
84096,5
84097,8
84098,6
84101,4
84102,2
84105,8
84108,5
84111,3
84113,5
84115,5
84116,5
84117,6
84118,1
84120,5
84121,6
84122,8
84123,5
84128,5
84129,4
84130,5
84132,4
84133,5
84135,0
84139,5
84140,5
84143,4
84146,6
84147,8
84149,4
84152,5
84155,5
84157,4
84161,5
84162,5
84164,8
84167,7
84169,8
84170,5
84171,5
84176,6
84177,6
84179,6
84182,4
84184,5
84188,8
84191,2
84192,5
84193,5
84194,5
84196,5
84197,5
84198,6
84199,6
84200,5
84202,6
84203,8
84206,6
84212,5
84213,5
84215,5
84217,5
84219,5
84220,5
84221,5
84223,5
84224,5
84225,5
84227,5
84228,4
84231,5
84237,6
84239,5
84240,6
84245,6
84246,5
84247,5
84248,5
84249,5
84250,2
84251,6
84252,6
84255,5
84256,5
84257,5
84258,5
84261,5
84263,5
84267,5
84268,6
84271,6
84274,6
84277,5
84278,5
84281,5
84283,6
84287,6
84288,5
84289,5
84290,5
84291,5
84292,6
84293,5
84294,5
84295,6
84296,5
84299,6
84300,6
84302,5
84304,5
84310,6
84314,5
84317,5
84320,6
84321,6
84323,5
84329,5
84331,5
84334,6
84335,6
84336,6
84337,5
84340,5
84341,5
84344,5
84345,6
84351,6
84355,5
84356,5
84360,5
84361,6
84363,5
84365,5
84369,5
84370,5
84373,5
84375,5
84376,5
84378,6
84379,6
84381,2
84382,5
84383,5
84384,5
84386,3
84387,5
84388,5
84391,5
84392,6
84394,5
84395,2
84397,5
84398,5
84400,5
84404,5
84405,5
84406,4
84624,4
84646,7
84650,0
84661,8
84668,8
84670,8
84680,8
84681,8
84688,7
84693,8
84702,8
84715,4
84717,4
84731,8
84740,6
84756,5
84765,5
84808,5
84962,5
85010,5
85072,5
91449,4
91450,4
91451,8
91454,8
91455,8
91458,8
91462,8
91465,8
91467,4
91471,8
91472,4
91474,3
91479,8
91480,8
91482,8
91488,8
91491,8
91494,3
91496,8
91500,4
91502,8
91507,8
91508,2
91513,1
91514,8
91516,0
91525,4
91526,3
91529,8
91531,4
91534,8
91535,8
91538,3
91546,8
91552,0
91553,4
91558,3
91562,8
91563,8
91572,8
91577,8
91579,8
91583,8
91585,4
91590,8
91591,3
91596,8
91601,4
91614,7
91617,8
91621,8
91628,4
91635,2
91636,4
91640,8
91647,7
91651,3
91655,7
91658,8
91670,8
91671,8
91674,8
91675,8
91679,8
91685,4
91689,0
91691,8
91692,4
91696,3
91699,1
91706,4
91716,3
91720,8
91726,8
91729,8
91732,8
91738,8
91742,8
91750,3
91751,4
91758,4
91770,4
91773,3
91790,8
91796,3
91799,1
91811,8
91812,2
91814,3
91820,4
91826,8
91842,4
91845,6
91850,8
91851,3
91852,8
91854,3
91860,8
91868,5
91870,1
91881,6
91882,8
91893,8
91894,8
91897,4
91901,8
91926,6
91927,4
91931,8
91949,8
91953,3
91955,6
91967,6
91980,3
91985,8
91990,5
92006,8
92029,4
92033,8
92035,5
92037,8
92051,8
92052,3
92072,8
92074,5
92079,4
92080,8
92081,5
92087,8
92104,8
92119,8
92121,8
92130,8
92136,8
92163,8
92164,4
92170,8
92171,8
92199,5
92207,5
92211,5
92213,5
92214,5
92216,3
92217,8
92219,5
92220,8
92221,3
92222,5
92223,5
92224,5
92228,3
92232,3
92233,3
92236,5
92237,3
92238,3
92241,8
92244,4
92245,5
92246,5
92249,4
92250,4
92251,4
92252,5
92253,4
92254,3
92255,5
92257,5
92262,8
92263,5
92265,4
92266,8
92267,8
92272,5
92273,3
92278,5
92281,5
92282,8
92283,4
92284,5
92285,5
92287,5
92288,3
92289,5
92290,4
92291,4
92295,8
92298,8
92301,2
92302,5
92303,8
92305,3
92306,8
92311,8
92312,4
92313,1
92314,3
92316,8
92317,3
92319,8
92320,8
92321,8
92323,5
92324,2
92326,3
92327,5
92330,4
92331,4
92332,3
92333,5
92335,5
92336,5
92337,2
92338,8
92339,5
92341,8
92342,8
92343,3
92345,5
92348,3
92351,5
92352,5
92353,4
92361,8
92367,5
92368,3
92371,3
92372,4
92373,8
92376,4
92377,5
92378,5
92379,8
92382,4
92383,5
92384,5
92385,5
92388,5
92389,5
92390,5
92392,8
92394,6
92397,8
92398,5
92399,5
92401,8
92404,5
92407,5
92409,5
92410,5
92411,5
92412,8
92414,5
92415,2
92417,3
92418,5
92419,5
92420,5
92421,5
92422,8
92426,5
92428,8
92430,8
92431,3
92433,5
92436,5
92437,5
92438,5
92439,7
92443,5
92448,5
92450,5
92452,4
92453,3
92454,5
92457,3
92458,7
92462,5
92464,5
92466,5
92467,4
92472,6
92477,5
92478,7
92480,3
92481,2
92485,5
92486,6
92487,5
92489,5
92490,6
92492,5
92494,5
92496,5
92497,6
92501,6
92502,6
92503,5
92504,6
92506,5
92508,6
92509,5
92513,2
92515,2
92517,5
92518,5
92520,5
92526,5
92531,5
92533,5
92535,2
92536,5
92537,5
92538,5
92539,5
92540,5
92543,5
92544,5
92551,5
92559,5
92560,5
92562,5
92564,5
92565,5
92567,5
92568,5
92569,5
92570,5
92572,5
92573,5
92575,5
92576,5
92578,5
92579,5
92580,5
92581,5
92582,5
92583,5
92584,5
92585,5
92589,5
92590,6
92592,5
92593,5
92596,5
92599,6
92600,5
92601,5
92603,5
92606,5
92607,5
92611,5
92614,5
92617,6
92620,6
92621,5
92623,5
92626,6
92627,6
92628,5
92629,6
92630,5
92633,5
92634,5
92635,6
92641,5
92643,6
92647,5
92648,5
92650,5
92651,5
92652,5
92653,5
92654,5
92656,5
92657,5
92658,5
92660,5
92661,5
92662,5
92665,5
92666,5
92667,5
92668,5
92669,5
92671,5
92672,5
92673,6
92675,5
92676,5
92680,5
92681,5
92682,5
92687,5
92690,5
92692,5
92693,2
92696,5
92697,5
92700,5
92701,6
92702,5
92704,5
92705,5
92714,6
92720,5
92728,4
92729,3
92730,3
92731,5
92735,8
92736,3
92737,5
92739,5
92740,5
92741,4
92742,3
92744,5
92745,5
92746,4
92748,3
92749,6
92750,5
92751,5
92752,5
92753,5
92757,3
92758,3
92763,5
92766,5
92767,3
92771,5
92772,5
92773,5
92774,3
92775,8
92776,5
92777,5
92779,5
92780,5
92785,5
92786,4
92787,5
92790,5
92791,8
92793,5
92796,5
92797,5
92799,5
92803,5
92807,5
92812,5
92814,5
92817,4
92818,3
92819,5
92823,5
92825,5
92828,5
92832,8
92833,0
92834,3
92835,5
92836,5
92837,8
92838,8
92843,4
92844,8
92845,4
92847,5
92848,5
92850,8
92851,3
92852,8
92854,5
92858,6
92860,5
92861,5
92865,8
92867,8
92868,5
92869,8
92871,4
92872,8
92874,6
92877,1
92878,5
92880,3
92881,8
92882,8
92884,8
92885,0
92887,5
92889,3
92890,5
92891,6
92894,3
92895,5
92897,3
92899,8
92901,3
92904,8
92905,3
92906,4
92909,8
92910,3
92912,3
92913,3
92914,5
92920,3
92921,3
92922,3
92923,5
92924,1
92925,5
92926,4
92927,8
92928,3
92930,8
92933,5
92934,2
92936,8
92937,6
92939,8
92940,6
92941,8
92943,2
92944,4
92946,3
92947,4
92949,2
92950,3
92951,6
92953,6
92955,2
92956,2
92957,8
92958,3
92960,3
92961,0
92962,6
92963,8
92966,3
92967,3
92970,4
92971,4
92973,5
92974,4
92976,8
92977,8
92978,3
92979,5
92980,8
92982,2
92984,8
92985,5
92987,4
92989,4
92992,4
92995,5
93000,4
93001,4
93002,5
93003,2
93006,2
93007,8
93009,4
93010,3
93011,8
93013,3
93014,4
93015,8
93017,4
93018,8
93021,8
93022,5
93024,5
93025,8
93026,8
93027,8
93029,8
93030,8
93033,8
93034,4
93035,2
93036,5
93037,8
93042,8
93043,8
93044,4
93045,8
93046,8
93047,3
93048,2
93049,8
93052,4
93053,8
93054,8
93055,8
93056,8
93057,4
93058,2
93062,4
93064,5
93065,4
93066,5
93067,0
93068,8
93069,4
93070,8
93073,3
93074,5
93075,8
93076,8
93077,2
93078,5
93080,8
93081,3
93082,8
93085,5
93088,3
93089,5
93091,5
93092,5
93094,3
93095,8
93096,8
93100,8
93101,5
93102,8
93103,5
93104,1
93105,8
93108,7
93109,8
93110,4
93114,3
93116,5
93117,5
93118,8
93120,2
93121,1
93122,8
93123,5
93129,5
93132,8
93133,8
93135,6
93137,6
93139,8
93140,6
93141,5
93142,5
93147,5
93148,6
93151,6
93152,4
93154,5
93155,5
93156,8
93159,8
93160,8
93162,8
93167,8
93168,5
93169,3
93172,5
93174,6
93178,6
93179,8
93182,5
93183,8
93184,4
93185,8
93186,8
93188,5
93190,5
93194,4
93195,5
93196,5
93198,5
93199,5
93200,5
93201,5
93204,5
93205,5
93206,8
93207,2
93209,5
93210,4
93211,6
93213,5
93215,5
93216,5
93220,5
93221,5
93222,4
93223,4
93225,5
93228,6
93231,5
93235,5
93239,5
93243,5
93245,6
93246,4
93247,5
93248,5
93249,5
93252,5
93255,6
93256,6
93258,5
93261,5
93263,6
93265,5
93269,5
93270,5
93271,5
93273,6
93274,5
93275,5
93277,6
93279,5
93283,5
93285,5
93289,6
93290,5
93293,6
93294,5
93295,5
93296,5
93298,5
93299,6
93305,6
93319,5
93320,5
93324,4
93325,5
93329,5
93330,5
93331,5
93335,5
93336,2
93338,2
93339,3
93341,5
93344,2
93345,5
93346,5
93351,5
93362,3
93363,6
93366,2
93367,5
93368,3
93371,2
93372,5
93373,5
93379,3
93380,2
93386,5
93389,4
93390,5
93391,5
93393,5
93395,5
93397,3
93399,8
93400,8
93406,4
93407,5
93409,4
93412,5
93413,4
93414,4
93416,4
93417,5
93418,8
93419,6
93422,6
93425,8
93426,8
93428,5
93429,8
93430,4
93433,5
93434,6
93435,6
93437,8
93440,4
93441,8
93442,4
93443,6
93444,4
93446,2
93447,8
93448,2
93449,3
93450,4
93451,4
93453,5
93456,7
93458,4
93459,8
93460,8
93461,8
93463,3
93464,3
93465,4
93467,4
93469,8
93470,4
93473,6
93475,5
93476,8
93478,5
93479,8
93481,3
93483,8
93485,8
93486,2
93489,8
93490,4
93492,8
93493,5
93494,5
93495,2
93496,8
93497,4
93498,4
93499,3
93500,8
93501,8
93505,8
93506,8
93507,8
93508,6
93509,5
93510,4
93511,4
93512,2
93514,8
93517,4
93519,2
93520,4
93521,7
93523,4
93526,8
93527,8
93528,4
93529,4
93531,2
93533,5
93534,8
93535,4
93536,2
93538,4
93539,5
93540,8
93541,5
93542,8
93548,8
93553,8
93555,4
93556,4
93557,5
93558,1
93560,2
93563,4
93564,8
93565,8
93567,4
93569,4
93571,8
93572,2
93575,2
93576,8
93577,8
93578,8
93579,4
93580,3
93581,4
93582,8
93584,5
93586,4
93587,8
93588,2
93589,8
93590,4
93592,2
93593,5
93595,8
93598,8
93599,6
93601,7
93604,4
93606,8
93608,5
93609,3
93610,8
93612,3
93614,8
93615,4
93617,5
93618,8
93621,8
93622,5
93627,8
93628,8
93629,8
93632,8
93634,3
93636,8
93637,8
93638,4
93640,4
93642,8
93650,8
93651,3
93653,8
93655,8
93656,8
93657,3
93659,8
93660,0
93662,6
93663,8
93666,4
93668,4
93669,8
93674,8
93675,8
93676,3
93680,2
93683,8
93684,8
93687,8
93688,8
93689,8
93690,8
93693,8
93694,8
93696,8
93697,2
93700,8
93702,4
93703,8
93704,8
93705,4
93707,8
93708,3
93709,4
93710,8
93711,8
93712,3
93715,0
93716,8
93718,2
93719,8
93720,8
93722,0
93726,4
93727,8
93728,8
93730,4
93731,8
93732,8
93734,8
93735,8
93736,3
93737,8
93738,8
93739,8
93741,4
93744,7
93745,8
93746,3
93748,8
93749,8
93750,4
93751,3
93753,1
93754,8
93756,4
93757,8
93758,8
93760,8
93761,8
93763,8
93764,8
93766,4
93767,8
93769,6
93770,8
93771,8
93773,8
93774,3
93775,8
93776,8
93777,4
93778,8
93779,8
93781,8
93782,8
93784,2
93785,8
93789,8
93791,8
93793,8
93794,8
93795,0
93797,3
93798,7
93799,0
93800,8
93802,0
93803,3
93805,8
93807,3
93809,8
93811,3
93812,8
93814,3
93817,8
93821,3
93823,8
93826,8
93827,8
93828,3
93830,8
93832,8
93834,8
93835,8
93836,8
93837,3
93839,8
93840,8
93841,3
93842,3
93847,8
93848,3
93850,2
93854,8
93855,3
93856,8
93857,8
93858,8
93859,4
93861,8
93862,8
93865,4
93866,3
93867,8
93870,8
93871,8
93872,1
93874,8
93877,4
93880,3
93881,4
93882,8
93883,1
93885,3
93886,4
93888,8
93890,8
93892,1
93893,8
93894,4
93895,8
93896,3
93897,3
93898,4
93899,4
93900,8
93901,8
93903,4
93904,4
93905,8
93907,3
93908,8
93912,8
93914,8
93916,4
93917,7
93919,4
93924,8
93925,4
93926,8
93932,1
93935,8
93936,8
93937,2
93938,8
93939,8
93940,8
93943,3
93944,8
93945,8
93946,8
93947,8
93948,4
93949,8
93950,8
93955,4
93958,7
93959,8
93960,8
93961,8
93962,8
93964,8
93966,8
93967,8
93969,6
93972,8
93976,8
93977,8
93978,8
93981,8
93983,4
93984,8
93985,8
93986,8
93987,8
93989,8
93990,8
93991,3
93992,8
93996,4
93998,3
94000,5
94001,7
94002,8
94003,8
94005,8
94006,5
94008,8
94009,8
94010,8
94011,4
94012,8
94013,4
94021,8
94024,8
94027,8
94028,8
94030,8
94034,5
94036,8
94037,5
94039,8
94040,6
94041,8
94042,8
94043,4
94044,4
94046,4
94047,8
94050,8
94052,8
94055,8
94057,8
94058,4
94059,8
94060,4
94062,8
94063,4
94065,8
94067,8
94070,8
94071,6
94073,6
94075,8
94079,4
94081,5
94082,4
94086,8
94089,4
94091,4
94092,8
94093,8
94095,4
94096,4
94100,8
94102,8
94103,8
94105,8
94108,8
94113,4
94114,5
94115,4
94117,4
94119,8
94120,8
94121,4
94122,4
94123,8
94126,8
94127,8
94128,8
94129,5
94130,8
94131,3
94132,5
94134,4
94135,8
94136,8
94138,8
94140,8
94141,8
94145,8
94146,4
94147,8
94148,4
94150,5
94153,8
94155,8
94156,4
94159,8
94160,6
94161,8
94162,8
94163,8
94164,5
94166,8
94167,8
94171,8
94173,5
94174,8
94176,8
94178,6
94179,5
94180,8
94182,5
94183,8
94184,5
94185,4
94187,4
94191,6
94193,8
94194,8
94195,1
94198,8
94200,8
94201,4
94202,8
94203,8
94204,5
94207,8
94209,4
94211,4
94212,8
94215,4
94216,8
94218,8
94219,8
94221,5
94224,8
94226,5
94227,8
94229,8
94230,8
94235,8
94236,8
94237,8
94238,8
94239,8
94240,4
94242,8
94243,0
94245,5
94246,5
94249,8
94316,5
94340,5
94367,4
94403,4
94408,3
94431,8
94441,4
94444,4
94462,4
94475,4
94499,8
94509,4
94511,4
94523,8
94526,4
94560,4
94573,8
94618,8
94622,8
94640,8
94643,8
94656,8
94670,8
94677,8
94687,8
94697,8
94700,8
94712,8
94716,8
94725,8
94732,8
94739,8
94751,8
94753,8
94770,8
94772,2
94793,8
94800,8
94812,8
94835,8
94847,7
94849,8
94858,8
94865,4
94873,4
94876,8
94886,4
94889,3
94907,3
94919,8
94951,8
94964,4
94968,4
