h&e,orig_size
101269,29
101273,17
101285,26
101286,50
101300,24
101302,11
101305,6
101307,7
101314,18
101326,18
101327,42
101329,56
101336,23
101339,129
101342,54
101343,61
101344,15
101346,13
101351,32
101355,8
101365,23
101377,14
101384,20
101386,19
101387,13
101389,16
101392,27
101400,15
101401,22
101407,16
101410,24
101411,37
101412,74
101413,12
101416,18
101418,13
101424,13
101431,16
101432,11
101438,20
101441,22
101447,10
101448,42
101451,9
101460,23
101461,17
101465,19
101468,15
101478,22
101480,11
101486,61
101487,16
101488,14
101489,23
101492,20
101495,10
101496,20
101499,24
101500,25
101502,16
101505,12
101507,11
101511,11
101514,10
101523,18
101524,17
101528,12
101532,19
101551,13
101554,19
101556,27
101558,22
101561,23
101564,20
101567,53
101577,17
101578,22
101592,10
101594,20
101595,25
101596,16
101603,18
101604,28
101605,15
101619,15
101621,13
101622,16
101623,22
101625,11
101633,17
101639,10
101640,16
101649,26
101651,15
101654,14
101657,20
101662,15
101668,21
101671,12
101678,21
101680,6
101681,24
101685,24
101686,40
101687,19
101688,21
101689,11
101692,27
101696,25
101699,12
101701,17
101702,16
101708,18
101709,5
101712,15
101716,22
101718,22
101723,20
101724,19
101727,24
101730,20
101735,11
101736,13
101744,22
101748,16
101758,19
101759,21
101760,21
101764,19
101767,23
101773,19
101774,22
101775,22
101776,22
101778,20
101782,23
101783,15
101791,17
101792,27
101796,17
101807,26
101811,19
101813,21
101820,11
101821,17
101823,26
101824,27
101830,19
101835,25
101839,18
101840,16
101844,31
101845,19
101847,29
101855,17
101862,21
101863,23
101865,14
101869,20
101876,28
101881,19
101882,20
101884,16
101885,23
101888,20
101893,6
101895,17
101898,29
101899,18
101907,12
101909,19
101922,14
101924,41
101925,27
101928,13
101935,25
101937,28
101938,18
101939,9
101941,16
101947,7
101949,27
101955,11
101959,13
101961,21
101970,27
101971,51
101980,19
101981,12
101991,12
101995,17
101999,19
102003,16
102006,23
102011,8
102016,19
102018,20
102023,15
102025,31
102027,11
102032,23
102034,44
102040,18
102053,15
102064,23
102074,21
102077,19
102079,12
102083,15
102088,17
102091,18
102098,43
102104,24
102107,17
102108,10
102114,19
102118,15
102119,11
102121,15
102125,11
102130,17
102131,16
102139,17
102143,13
102144,19
102145,17
102149,23
102154,18
102159,17
102160,19
102161,16
102164,24
102168,48
102172,18
102180,24
102184,15
102187,23
102188,16
102190,20
102191,12
102193,16
102203,26
102215,35
102218,56
102219,15
102223,114
102225,21
102226,30
102228,39
102230,23
102231,37
102232,23
102233,37
102234,36
102236,7
102237,28
102238,24
102239,60
102240,41
102241,39
102242,84
102243,35
102244,18
102247,38
102250,7
102253,29
102255,19
102258,38
102259,39
102263,113
102264,41
102266,16
102267,47
102268,46
102269,48
102270,13
102271,36
102279,24
102284,50
102286,28
102287,41
102289,16
102291,43
102292,35
102295,28
102296,39
102297,30
102298,27
102299,38
102306,20
102309,39
102310,5
102311,22
102312,46
102313,11
102316,22
102319,11
102321,17
102322,25
102325,32
102326,12
102327,27
102330,25
102333,26
102335,9
102336,18
102337,12
102339,9
102340,37
102341,29
102342,23
102344,35
102346,26
102347,20
102348,25
102349,13
102353,19
102354,15
102355,19
102356,13
102361,19
102363,12
102365,9
102366,6
102367,34
102368,17
102369,13
102370,41
102371,31
102372,14
102374,15
102376,10
102377,15
102378,13
102379,16
102381,11
102384,12
102385,17
102387,30
102388,23
102390,18
102395,19
102397,39
102398,21
102402,44
102403,45
102404,19
102405,17
102407,10
102408,12
102409,10
102410,30
102411,37
102413,13
102416,15
102417,20
102418,24
102419,23
102420,35
102423,16
102425,12
102430,15
102432,57
102435,22
102438,15
102442,45
102444,49
102448,22
102450,20
102453,15
102455,14
102458,19
102459,20
102462,20
102464,21
102465,25
102466,17
102467,89
102474,36
102476,15
102477,8
102479,22
102480,9
102481,47
102482,16
102483,11
102487,31
102488,19
102489,24
102492,14
102493,10
102494,27
102500,18
102501,16
102504,15
102505,19
102508,25
102509,7
102510,14
102516,15
102517,20
102519,14
102520,16
102521,15
102524,35
102526,51
102531,8
102532,22
102535,17
102538,15
102541,9
102544,9
102547,17
102548,74
102552,15
102553,12
102554,32
102555,24
102557,31
102560,24
102561,17
102563,10
102565,17
102566,20
102568,23
102569,29
102572,8
102575,22
102576,38
102577,13
102579,19
102581,47
102585,28
102586,26
102588,16
102593,19
102594,29
102597,49
102598,20
102599,19
102600,44
102604,36
102605,20
102606,42
102608,14
102609,22
102610,24
102611,18
102613,19
102614,21
102616,18
102617,51
102618,17
102620,6
102621,11
102623,19
102630,165
102632,16
102633,20
102634,18
102638,20
102643,20
102644,42
102645,23
102646,17
102647,40
102648,89
102649,23
102650,6
102651,41
102652,13
102654,24
102656,19
102658,61
102659,42
102661,21
102662,13
102663,16
102665,18
102667,30
102668,14
102669,17
102670,30
102673,48
102680,30
102682,56
102683,48
102685,16
102686,15
102687,29
102689,32
102691,11
102692,19
102693,18
102694,27
102695,28
102697,16
102698,20
102699,81
102700,19
102701,27
102703,46
102704,14
102705,29
102707,43
102710,18
102713,18
102714,31
102715,20
102717,14
102719,37
102720,9
102723,17
102725,43
102726,99
102727,7
102728,42
102729,21
102730,27
102731,14
102732,19
102733,25
102735,11
102736,5
102738,11
102741,15
102742,31
102744,101
102746,12
102749,17
102751,108
102752,16
102753,18
102754,57
102757,12
102758,166
102760,26
102761,16
102762,19
102763,16
102764,22
102765,11
102766,13
102767,17
102768,20
102771,24
102772,15
102775,22
102776,37
102777,19
102778,49
102779,13
102781,13
102782,24
102783,38
102784,19
102790,28
102795,46
102798,20
102800,15
102801,19
102802,22
102803,23
102804,15
102806,93
102807,18
102808,31
102809,41
102810,19
102812,14
102813,17
102816,19
102818,21
102820,14
102821,26
102822,38
102823,16
102825,16
102826,89
102827,10
102828,115
102829,15
102838,22
102839,32
102840,63
102843,22
102844,17
102845,21
102846,18
102848,13
102849,19
102850,15
102851,29
102852,12
102855,24
102859,23
102860,21
102861,94
102862,18
102865,129
102866,17
102867,9
102871,19
102872,11
102873,17
102875,26
102876,10
102878,15
102881,20
102883,21
102886,18
102887,19
102891,13
102893,13
102894,49
102895,19
102899,21
102900,15
102901,15
102904,43
102905,17
102907,26
102908,26
102910,19
102912,21
102913,16
102914,65
102915,8
102916,53
102917,18
102918,11
102919,22
102921,38
102922,17
102923,15
102925,41
102926,16
102927,27
102929,15
102931,33
102932,13
102933,10
102935,31
102938,119
102939,18
102941,5
102942,24
102945,18
102946,18
102947,18
102949,15
102950,5
102951,4
102952,43
102953,24
102954,16
102955,14
102957,12
102959,22
102960,18
102961,21
102963,31
102964,12
102965,21
102966,73
102967,19
102968,32
102969,48
102970,13
102971,16
102972,15
102973,36
102978,42
102980,16
102981,26
102983,34
102984,15
102986,8
102987,18
102988,80
102989,22
102994,13
102997,7
103000,55
103001,17
103007,21
103008,61
103009,22
103010,25
103011,17
103012,16
103013,148
103015,18
103016,29
103017,25
103018,116
103019,90
103020,12
103021,20
103025,2
103027,38
103028,11
103030,22
103032,11
103033,17
103035,21
103036,56
103037,13
103038,35
103039,15
103041,27
103042,12
103043,23
103044,52
103046,31
103047,39
103050,35
103053,20
103055,44
103058,13
103059,69
103060,3
103062,35
103063,16
103064,15
103065,15
103066,19
103067,27
103070,34
103080,21
103084,20
103089,6
103090,27
103091,21
103092,62
103098,66
103099,59
103101,72
103102,29
103105,44
103106,29
103107,33
103109,107
103110,26
103114,34
103116,16
103119,7
103121,21
103122,40
103123,34
103128,31
103130,56
103131,22
103132,32
103133,79
103136,18
103137,40
103138,9
103140,12
103141,15
103143,15
103146,76
103147,85
103150,89
103151,133
103154,20
103156,74
103158,34
103159,139
103162,54
103164,30
103165,36
103170,104
103173,83
103174,6
103178,98
103180,27
103181,6
103185,49
103186,20
103191,19
103193,150
103198,24
103203,36
103204,21
103205,103
103206,19
103207,24
103211,30
103213,24
103214,88
103215,109
103216,40
103217,22
103220,32
103223,21
103224,48
103225,30
103227,52
103229,67
103230,7
103242,20
103243,33
103247,78
103250,9
103253,51
103254,13
103257,26
103261,19
103262,12
103265,25
103267,16
103269,107
103270,32
103271,50
103272,38
103273,8
103274,38
103278,70
103280,20
103285,18
103286,17
103292,26
103294,36
103301,9
103302,15
103303,37
103304,28
103306,47
103308,26
103310,7
103311,67
103312,44
103313,3
103314,17
103315,12
103316,38
103317,16
103319,31
103320,23
103323,32
103324,66
103327,27
103330,17
103332,25
103333,20
103334,16
103335,25
103336,20
103337,10
103338,5
103341,61
103342,30
103344,27
103347,21
103348,12
103350,26
103352,14
103353,20
103355,19
103358,19
103360,16
103363,28
103367,17
103368,22
103369,10
103370,27
103371,12
103372,17
103376,22
103377,18
103378,12
103379,16
103382,68
103384,17
103385,12
103387,14
103388,17
103389,24
103392,26
103393,15
103394,15
103395,18
103397,23
103400,15
103401,21
103402,35
103407,51
103409,12
103410,24
103411,9
103413,18
103414,21
103415,17
103416,15
103417,24
103418,11
103419,11
103420,10
103421,7
103422,24
103425,23
103426,22
103427,16
103431,33
103433,30
103434,34
103436,5
103441,7
103444,42
103449,15
103450,20
103451,28
103452,21
103453,12
103454,19
103455,52
103456,21
103457,22
103459,12
103460,13
103462,27
103465,13
103466,16
103469,30
103473,41
103475,40
103476,21
103477,18
103478,58
103479,51
103480,21
103481,16
103483,4
103484,20
103485,21
103487,25
103492,30
103493,18
103496,10
103497,19
103498,18
103499,8
103502,65
103503,14
103504,34
103505,13
103508,29
103510,68
103511,17
103512,13
103513,39
103514,20
103515,20
103520,14
103521,22
103523,16
103524,22
103527,26
103528,14
103531,31
103534,14
103535,18
103539,29
103540,11
103542,15
103543,16
103544,21
103545,112
103548,17
103551,21
103552,13
103553,19
103555,35
103556,37
103559,16
103560,14
103562,25
103563,71
103565,19
103567,21
103568,18
103569,20
103570,44
103572,18
103575,17
103576,21
103577,21
103578,23
103580,18
103583,21
103585,25
103586,17
103587,13
103588,24
103590,27
103593,50
103594,15
103597,31
103600,8
103603,16
103607,27
103608,25
103609,13
103610,27
103612,14
103616,20
103617,24
103618,19
103619,12
103620,20
103623,15
103624,31
103625,44
103626,13
103629,108
103630,20
103631,14
103634,26
103635,8
103644,12
103646,34
103647,14
103648,23
103650,30
103651,40
103652,16
103656,11
103659,38
103660,14
103661,20
103662,12
103663,39
103664,19
103666,12
103669,12
103671,15
103674,7
103675,12
103676,19
103679,16
103680,18
103681,14
103682,84
103683,15
103684,63
103685,8
103686,33
103687,22
103688,9
103689,18
103691,15
103693,19
103695,63
103696,85
103697,112
103699,24
103700,107
103702,55
103706,15
103707,18
103708,25
103712,13
103713,20
103714,23
103716,31
103718,19
103719,12
103721,22
103724,22
103725,70
103728,13
103729,43
103730,16
103731,16
103734,13
103735,25
103737,20
103738,15
103739,82
103740,7
103741,19
103744,32
103745,139
103746,15
103747,22
103751,120
103752,15
103754,8
103755,24
103756,20
103758,20
103761,27
103762,22
103763,16
103764,18
103766,13
103767,61
103769,17
103770,17
103771,24
103772,22
103775,20
103777,64
103778,60
103779,14
103780,51
103781,36
103782,20
103784,11
103785,25
103786,34
103790,10
103792,21
103793,29
103794,26
103795,18
103799,109
103802,15
103803,22
103805,27
103809,28
103811,43
103812,76
103815,16
103816,6
103818,99
103819,21
103822,24
103823,20
103824,28
103825,1
103826,65
103827,29
103832,39
103833,18
103836,64
103838,23
103840,93
103842,24
103844,16
103845,19
103847,19
103848,16
103849,29
103852,138
103855,5
103856,23
103857,20
103858,16
103859,55
103862,8
103863,32
103866,56
103867,24
103869,25
103870,44
103871,61
103872,18
103874,112
103876,11
103878,31
103883,18
103888,12
103889,50
103891,81
103892,29
103915,23
103916,25
103918,22
103920,27
103923,34
103925,46
103927,35
103928,21
103929,49
103932,23
103936,12
103937,37
103940,19
103944,25
103945,13
103946,25
103947,18
103948,24
103952,25
103954,33
103955,22
103957,22
103960,119
103961,25
103962,16
103968,24
103970,35
103971,22
103972,21
103976,11
103978,26
103979,17
103980,23
103982,11
103984,46
103986,19
103991,20
103993,30
103995,17
103996,29
103999,10
104000,23
104001,24
104005,73
104006,20
104007,23
104008,27
104009,24
104010,15
104011,25
104012,29
104014,20
104015,18
104017,18
104022,23
104023,26
104024,31
104030,18
104034,29
104035,17
104037,28
104039,25
104040,20
104043,33
104044,15
104045,50
104049,24
104054,12
104056,25
104058,29
104059,26
104061,21
104062,24
104064,15
104065,15
104067,22
104068,32
104069,28
104071,25
104072,17
104074,21
104075,22
104077,21
104078,23
104081,16
104085,25
104086,20
104087,25
104092,64
104093,23
104096,16
104101,24
104105,18
104106,61
104109,20
104110,23
104112,29
104115,17
104118,19
104119,22
104120,16
104123,17
104126,10
104128,18
104129,16
104130,22
104134,20
104137,18
104138,43
104140,29
104142,26
104143,13
104146,10
104149,19
104150,22
104151,24
104153,20
104154,21
104155,21
104158,18
104160,20
104162,33
104165,14
104166,15
104167,21
104168,21
104169,15
104170,16
104172,15
104173,20
104175,17
104176,23
104177,22
104180,24
104182,24
104184,11
104188,18
104189,17
104190,14
104191,16
104192,25
104193,7
104194,21
104196,19
104201,18
104205,25
104206,18
104207,30
104208,24
104209,24
104212,23
104213,24
104216,26
104219,21
104220,19
104221,13
104222,19
104223,30
104224,20
104225,14
104228,16
104229,25
104230,28
104231,12
104232,9
104233,19
104234,17
104240,28
104241,27
104242,14
104243,17
104246,19
104248,14
104249,13
104251,20
104253,13
104255,15
104256,19
104260,24
104261,23
104262,19
104266,20
104267,24
104268,19
104270,15
104273,19
104274,19
104276,20
104277,16
104278,19
104279,20
104280,19
104281,23
104282,22
104283,16
104286,19
104292,26
104295,19
104296,17
104298,27
104299,16
104302,13
104306,18
104307,21
104308,24
104312,21
104314,20
104316,42
104317,22
104318,18
104319,25
104321,27
104323,21
104325,20
104327,19
104329,24
104330,22
104331,25
104333,18
104334,25
104335,14
104337,27
104338,38
104339,26
104340,21
104341,20
104344,26
104346,23
104349,25
104350,31
104351,34
104353,16
104355,26
104359,17
104362,16
104364,19
104365,16
104366,19
104368,11
104369,19
104371,16
104372,23
104373,53
104377,29
104378,28
104379,20
104382,26
104383,16
104384,21
104385,21
104387,33
104389,22
104391,25
104392,26
104393,23
104394,17
104395,12
104396,17
104397,18
104398,25
104399,15
104400,11
104401,20
104407,19
104408,28
104412,16
104413,20
104414,25
104417,28
104419,20
104421,9
104423,21
104424,22
104425,18
104427,20
104429,27
104433,22
104435,17
104438,23
104439,22
104442,16
104445,25
104446,13
104447,27
104448,15
104450,22
104451,37
104452,18
104453,20
104455,26
104456,23
104457,23
104460,33
104462,24
104464,16
104466,25
104469,30
104470,22
104471,21
104474,30
104475,18
104476,15
104477,33
104482,29
104484,18
104485,24
104486,21
104489,25
104490,32
104491,15
104494,19
104495,23
104497,19
104498,15
104500,14
104501,22
104506,24
104508,11
104509,12
104512,19
104517,7
104520,34
104525,29
104528,22
104529,14
104531,40
104533,24
104536,17
104537,23
104539,17
104541,22
104545,19
104547,21
104548,22
104549,16
104550,25
104552,26
104553,14
104555,12
104556,35
104558,21
104560,20
104562,24
104563,13
104566,23
104567,35
104571,13
104572,15
104575,14
104576,18
104582,15
104583,28
104585,21
104588,17
104589,28
104591,19
104592,29
104593,26
104598,19
104600,19
104601,22
104604,19
104606,26
104608,24
104609,18
104610,16
104611,18
104612,30
104613,49
104614,19
104617,35
104618,18
104620,13
104621,17
104622,22
104626,35
104630,32
104631,17
104634,23
104635,7
104636,35
104638,29
104641,17
104642,19
104643,28
104646,41
104648,17
104650,18
104651,23
104652,20
104654,13
104655,76
104656,24
104657,26
104659,17
104661,24
104662,34
104663,25
104665,21
104667,10
104668,24
104671,17
104674,22
104677,26
104678,21
104682,67
104683,21
104687,21
104689,16
104690,20
104692,10
104693,15
104694,3
104695,25
104697,21
104698,18
104699,25
104700,15
104702,15
104703,11
104704,12
104706,7
104707,26
104711,23
104712,33
104713,28
104714,19
104715,26
104716,23
104717,21
104719,22
104720,23
104721,19
104722,15
104723,20
104724,39
104726,10
104727,20
104728,21
104729,18
104730,19
104732,36
104734,18
104735,20
104736,42
104737,38
104738,20
104740,18
104741,22
104742,19
104743,7
104745,18
104746,20
104748,19
104749,19
104750,18
104751,24
104752,28
104754,23
104755,14
104756,18
104757,27
104758,15
104759,73
104760,21
104761,24
104762,35
104763,15
104764,53
104767,24
104771,19
104774,34
104775,17
104777,39
104779,25
104780,31
104784,15
104786,23
104790,79
104791,7
104794,73
104795,25
104797,18
104798,14
104799,67
104804,25
104807,11
104809,56
104810,7
104813,39
104814,31
104815,76
104817,59
104819,20
104820,6
104822,17
104823,17
104824,89
104825,22
104826,139
104827,75
104828,21
104830,19
104832,22
104833,17
104834,10
104836,41
104837,31
104841,12
104842,113
104843,21
104844,28
104847,15
104848,72
104849,14
104850,7
104851,22
104853,19
104854,25
104855,17
104858,45
104861,15
104862,19
104863,69
104864,43
104865,28
104866,11
104871,59
104872,33
104873,14
104874,103
104875,19
104876,42
104877,96
104879,19
104880,22
104882,30
104883,17
104884,16
104887,15
104888,59
104890,68
104892,62
104894,11
104898,88
104899,18
104900,10
104902,15
104903,42
104904,69
104906,22
104907,35
104910,20
104911,11
104912,20
104914,51
104915,6
104916,29
104919,49
104921,14
104923,14
104927,20
104932,16
104933,107
104936,26
104938,65
104939,9
104940,61
104945,30
104966,11
104976,23
105000,53
105008,10
105022,18
105055,11
105080,23
105111,41
105150,44
105166,42
105193,22
105207,18
105211,15
105226,25
105231,8
105253,15
105256,17
105263,12
105274,12
105300,22
105322,13
105344,14
105351,59
105362,16
105368,54
105381,7
105394,12
105422,14
105469,32
105472,25
105511,50
105553,112
105576,78
105606,7
105658,14
111606,26
111607,21
111608,16
111609,21
111610,12
111612,40
111615,17
111622,16
111625,21
111633,19
111638,19
111641,18
111653,25
111657,19
111662,15
111676,19
111679,24
111681,20
111685,15
111691,22
111694,22
111700,20
111705,22
111707,21
111708,13
111718,13
111722,12
111725,12
111728,12
111729,15
111737,15
111740,27
111741,18
111743,15
111745,17
111746,25
111748,38
111750,21
111758,20
111766,16
111767,24
111776,19
111780,22
111784,31
111791,19
111792,19
111793,13
111801,21
111802,20
111804,10
111806,13
111811,23
111815,25
111816,19
111817,19
111819,8
111822,11
111823,12
111832,12
111843,14
111845,20
111852,10
111858,10
111860,22
111861,19
111866,38
111868,20
111871,22
111872,5
111885,11
111888,15
111893,23
111894,17
111898,48
111900,34
111905,20
111910,25
111914,14
111917,12
111918,23
111920,16
111921,11
111928,19
111930,24
111933,13
111934,9
111938,18
111939,26
111940,24
111945,31
111946,23
111947,14
111948,20
111956,8
111957,19
111963,13
111964,30
111971,26
111977,30
111978,16
111983,11
111985,51
111987,14
111991,22
111996,20
111997,22
111998,29
112000,10
112004,25
112011,17
112013,18
112015,25
112018,37
112019,18
112021,20
112022,17
112024,37
112027,17
112032,25
112033,20
112035,13
112037,46
112038,36
112040,17
112041,21
112042,25
112043,13
112045,22
112049,16
112052,54
112054,9
112056,15
112057,24
112059,26
112061,15
112062,25
112064,29
112070,24
112073,40
112076,15
112077,11
112082,4
112083,17
112089,21
112092,24
112095,6
112099,44
112104,5
112105,20
112107,22
112109,8
112110,22
112111,21
112112,29
112113,42
112117,16
112123,24
112124,18
112133,23
112134,20
112135,50
112137,28
112139,25
112145,23
112147,18
112150,21
112152,24
112154,79
112155,13
112158,20
112159,14
112161,33
112162,21
112163,23
112166,18
112170,25
112173,14
112177,42
112178,19
112180,28
112182,14
112184,55
112188,20
112189,25
112190,14
112191,51
112192,14
112196,22
112197,11
112199,9
112200,19
112201,21
112205,9
112209,15
112270,70
112272,33
112273,19
112274,26
112275,64
112278,19
112281,30
112282,77
112284,20
112285,41
112288,133
112294,19
112297,27
112298,6
112299,7
112302,6
112309,15
112311,4
112313,171
112316,19
112317,22
112320,21
112321,27
112322,88
112323,110
112324,24
112327,12
112328,39
112329,110
112330,15
112334,44
112343,22
112344,24
112345,27
112347,37
112348,12
112349,22
112350,7
112354,62
112356,21
112357,69
112358,136
112362,22
112363,10
112364,18
112365,12
112367,118
112368,11
112371,11
112373,14
112375,91
112376,27
112378,34
112379,22
112381,17
112383,12
112386,25
112387,58
112388,18
112390,7
112399,22
112400,32
112402,30
112404,18
112406,61
112407,15
112410,38
112413,29
112414,47
112415,18
112416,18
112420,13
112421,50
112422,30
112424,15
112425,10
112426,8
112429,15
112432,15
112433,17
112434,20
112436,7
112437,16
112441,66
112442,9
112444,18
112445,21
112446,20
112447,39
112448,14
112453,5
112456,15
112457,41
112459,21
112461,16
112462,12
112463,23
112466,31
112467,27
112470,15
112472,20
112473,25
112474,18
112477,45
112478,26
112480,24
112481,23
112484,41
112486,17
112488,15
112490,18
112491,20
112493,134
112497,19
112499,24
112500,23
112501,21
112503,25
112504,18
112505,18
112506,11
112509,30
112514,19
112515,58
112516,18
112517,45
112518,6
112519,22
112520,11
112521,44
112523,19
112524,57
112525,10
112526,29
112527,30
112528,21
112529,12
112530,17
112531,19
112532,19
112533,13
112535,30
112541,22
112543,9
112544,18
112545,16
112547,75
112548,10
112552,23
112556,21
112557,31
112559,10
112560,42
112561,11
112562,15
112563,17
112565,8
112566,20
112568,5
112569,17
112570,25
112572,85
112573,18
112575,31
112576,32
112577,52
112578,17
112579,17
112580,23
112583,17
112585,16
112586,14
112587,48
112588,15
112589,41
112590,33
112591,45
112592,22
112595,13
112596,17
112597,28
112598,19
112599,12
112600,12
112602,8
112603,9
112604,25
112605,22
112606,14
112607,17
112608,19
112612,18
112614,15
112615,32
112616,19
112617,18
112618,25
112619,34
112623,31
112624,16
112625,35
112626,19
112627,10
112628,17
112633,18
112635,33
112636,10
112638,60
112641,11
112642,14
112643,15
112644,11
112645,31
112646,16
112647,15
112648,20
112649,15
112650,16
112651,18
112652,9
112653,18
112654,18
112655,22
112656,10
112657,22
112659,17
112662,19
112664,14
112667,15
112668,18
112669,21
112672,12
112673,25
112674,9
112677,16
112678,15
112679,20
112680,22
112681,17
112682,15
112683,8
112684,20
112685,12
112687,26
112688,17
112689,18
112690,19
112691,25
112692,10
112693,22
112694,10
112695,21
112698,30
112701,10
112704,45
112707,8
112709,18
112711,15
112712,18
112713,10
112716,14
112720,16
112721,13
112722,71
112724,15
112725,24
112726,10
112727,10
112728,15
112729,15
112730,28
112731,7
112732,27
112733,16
112734,26
112735,16
112739,16
112742,12
112743,13
112745,17
112747,11
112748,11
112749,20
112750,21
112753,19
112755,15
112756,10
112757,12
112758,5
112761,9
112762,11
112763,17
112764,19
112765,23
112767,29
112769,21
112770,13
112771,14
112773,18
112774,13
112776,24
112777,31
112780,14
112782,27
112783,18
112784,18
112785,21
112786,10
112787,23
112788,10
112789,13
112790,13
112791,13
112792,13
112795,18
112796,14
112798,15
112799,20
112800,26
112802,22
112804,43
112805,19
112806,8
112807,13
112808,25
112812,7
112813,25
112814,18
112816,13
112819,15
112820,19
112825,20
112827,21
112828,18
112831,17
112832,17
112833,15
112834,20
112835,20
112838,27
112839,24
112840,15
112841,20
112842,14
112843,8
112844,18
112850,22
112852,15
112857,25
112858,19
112859,15
112860,10
112863,24
112865,18
112868,10
112869,25
112870,36
112871,32
112872,25
112874,10
112875,6
112876,51
112878,23
112880,7
112881,16
113107,58
113108,56
113109,53
113110,28
113117,43
113118,27
113121,153
113122,55
113125,41
113127,110
113128,32
113129,18
113130,46
113132,93
113134,34
113135,49
113138,42
113142,99
113143,105
113148,86
113155,22
113156,100
113157,68
113158,127
113160,13
113163,18
113166,50
113167,20
113171,45
113173,7
113175,19
113176,15
113179,46
113180,15
113183,14
113189,24
113190,39
113191,30
113192,84
113194,127
113195,2
113196,112
113197,157
113198,94
113199,96
113200,98
113203,26
113204,25
113205,17
113207,3
113209,11
113210,2
113211,22
113212,121
113214,87
113215,32
113217,73
113221,46
113222,46
113223,8
113224,83
113226,79
113228,24
113229,53
113230,37
113231,11
113234,27
113235,2
113237,10
113238,48
113239,45
113240,99
113241,9
113242,37
113243,34
113244,81
113247,43
113248,20
113249,18
113253,30
113257,25
113258,52
113259,108
113260,66
113263,64
113264,28
113266,34
113267,18
113269,14
113272,15
113273,20
113274,15
113276,15
113278,17
113281,25
113282,43
113284,26
113285,24
113286,52
113287,9
113289,6
113294,15
113298,29
113299,14
113301,10
113302,52
113303,20
113304,24
113305,18
113307,16
113308,18
113309,15
113312,23
113313,20
113314,46
113315,41
113317,63
113318,19
113319,20
113321,18
113322,19
113323,31
113325,23
113326,10
113329,12
113330,20
113332,18
113333,26
113336,38
113338,30
113339,18
113342,21
113344,15
113346,20
113347,17
113348,28
113349,13
113350,22
113352,15
113354,20
113355,23
113358,18
113359,18
113360,17
113361,17
113362,20
113364,15
113367,32
113368,19
113369,21
113370,22
113371,21
113372,23
113374,17
113375,12
113377,19
113378,53
113381,7
113385,13
113386,21
113390,14
113392,10
113393,18
113395,11
113396,24
113397,18
113398,27
113400,21
113401,12
113403,15
113404,15
113405,18
113407,19
113409,12
113413,18
113415,19
113416,22
113419,18
113420,20
113422,15
113423,15
113424,26
113425,9
113426,12
113427,31
113430,14
113431,22
113432,20
113435,25
113436,17
113438,23
113441,7
113443,25
113444,12
113446,18
113449,21
113450,14
113453,19
113454,21
113455,19
113456,21
113457,9
113458,10
113459,8
113460,23
113462,21
113463,23
113467,20
113468,17
113469,20
113471,13
113476,25
113481,18
113483,18
113485,24
113486,19
113487,15
113488,31
113489,31
113491,19
113492,15
113493,19
113494,20
113496,8
113498,29
113499,14
113500,35
113501,13
113503,21
113504,21
113505,18
113506,15
113509,39
113510,33
113511,19
113513,22
113515,12
113516,18
113517,22
113518,20
113520,17
113522,16
113524,17
113525,15
113527,19
113530,22
113531,32
113534,27
113535,26
113537,20
113539,21
113540,19
113544,12
113546,21
113549,15
113550,27
113552,20
113553,17
113554,19
113556,8
113557,19
113558,10
113559,20
113560,17
113562,18
113564,12
113567,16
113568,16
113574,27
113575,15
113576,21
113580,21
113582,12
113583,17
113584,38
113586,22
113587,20
113589,16
113592,22
113598,23
113599,17
113600,24
113604,26
113605,19
113606,17
113608,17
113609,16
113611,4
113612,15
113614,11
113617,13
113619,27
113620,19
113622,13
113623,20
113624,14
113625,16
113627,23
113631,21
113633,19
113634,29
113636,22
113637,14
113638,21
113644,14
113645,27
113647,22
113649,22
113650,11
113652,21
113654,14
113657,19
113658,13
113659,30
113660,21
113665,18
113666,21
113668,14
113669,18
113670,19
113674,17
113677,18
113678,24
113680,18
113682,19
113683,16
113684,22
113687,18
113688,13
113689,23
113690,25
113691,18
113692,12
113693,21
113695,17
113696,23
113699,35
113700,17
113703,26
113707,5
113709,12
113710,26
113713,24
113714,16
113716,19
113719,14
113721,12
113723,22
113724,20
113725,28
113727,17
113728,19
113731,26
113734,22
113735,17
113737,18
113740,15
113744,19
113749,23
113751,25
113753,20
113754,19
113756,26
113758,26
113759,17
113763,24
113764,37
113765,25
113766,20
113767,31
113769,26
113771,91
113773,26
113774,21
113777,20
113778,20
113782,20
113784,21
113788,37
113792,17
113794,16
113795,13
113799,24
113802,25
113803,20
113804,24
113805,35
113806,20
113810,17
113811,19
113813,17
113814,27
113816,20
113817,26
113818,20
113819,10
113822,20
113824,17
113826,28
113827,15
113829,20
113831,32
113832,21
113833,21
113836,20
113837,13
113839,14
113844,15
113848,23
113850,23
113851,38
113855,21
113856,19
113857,17
113860,22
113861,12
113867,16
113869,18
113872,17
113873,21
113879,28
113880,28
113882,24
113883,11
113885,25
113886,35
113887,30
113889,24
113890,22
113891,22
113893,23
113895,20
113896,13
113897,21
113898,22
113899,25
113901,21
113904,25
113905,8
113906,10
113912,18
113914,8
113915,16
113916,20
113917,40
113919,26
113921,21
113922,15
113923,7
113924,22
113925,27
81421,20
81426,32
81433,16
81434,11
81438,11
81440,9
81441,70
81447,15
81453,15
81463,23
81478,26
81479,8
114247,11
114248,24
81482,31
114249,43
114251,63
114252,100
114254,21
114255,35
114256,4
81489,13
114257,66
114258,30
114259,38
114260,105
114263,26
114265,34
114266,69
114267,51
114268,116
114269,130
114271,11
81506,35
114275,89
114277,81
81511,18
114279,13
114281,42
114282,29
114284,27
114286,20
81519,28
81520,14
114288,80
114287,62
114291,97
114290,16
114294,58
114295,41
81528,27
114296,102
81530,17
81531,20
114299,11
114297,46
114302,25
81535,18
114303,11
114304,44
81538,29
114305,42
114306,18
114309,16
114310,37
114312,29
114313,23
114315,41
114316,49
114317,21
114318,13
81551,22
114320,7
114321,30
114322,22
114323,32
114324,86
114325,47
114326,37
114330,50
81563,7
81565,42
81567,29
114337,27
114338,19
114339,56
114340,35
114342,17
81575,23
114343,26
114344,54
81578,18
114345,18
114346,124
114349,19
114350,22
114352,9
114354,19
114355,20
114357,22
114358,8
114359,24
114361,18
114362,21
114364,15
81598,22
114366,44
114369,27
114370,78
114372,10
114373,21
114374,36
114375,111
81608,55
81609,20
81610,24
114379,30
81612,36
114381,17
114382,16
114376,77
81618,16
114386,16
114389,36
81621,18
114391,7
81625,43
114393,17
114395,16
81630,44
114398,4
114401,18
81634,5
114402,80
114403,15
114404,22
114406,73
81640,26
114408,12
114410,23
81644,43
81645,7
81646,25
114413,80
114416,12
81648,11
114415,17
81651,9
81652,14
114421,19
114422,48
81653,15
114417,17
81657,22
114418,9
114420,76
114425,37
114429,4
114430,43
114431,15
114432,13
81662,20
114427,18
114434,1
81667,16
114428,7
81669,22
81670,27
81671,12
114440,65
114441,22
81672,39
114443,22
114437,3
114439,10
114442,12
114447,23
114444,115
81681,25
81682,25
114451,23
114452,51
114446,67
81687,7
81688,33
114455,23
114457,15
114458,21
114460,28
114463,30
81696,26
114464,66
114465,31
81699,66
81700,19
81701,22
114468,49
114467,5
114472,13
114474,17
81707,45
81708,28
114476,19
81710,9
81711,18
114477,18
114478,17
114479,12
114482,10
114480,20
114485,72
114481,35
114487,15
114488,37
114490,50
114491,40
81725,18
114493,24
114495,24
114496,26
81729,24
114494,10
114497,51
81732,16
114500,18
114501,25
81735,19
114498,28
114505,17
114507,29
81740,15
114509,12
114510,27
81743,33
114512,20
114511,106
81746,34
81747,21
114515,19
114514,20
114516,28
114517,52
81752,46
114520,19
114521,42
81755,19
114524,37
114525,17
81758,41
114526,127
114528,99
114529,91
114527,18
81764,30
114533,23
114534,12
81768,16
114536,117
81771,16
81772,19
114539,18
114542,34
114540,42
114541,29
114543,97
114546,9
114544,56
114545,26
81780,25
81781,27
81782,17
114548,6
81784,20
81785,13
114553,19
81787,24
81788,20
114550,25
114551,60
81791,53
114560,94
114561,20
114554,13
114557,20
81796,19
114564,20
81798,23
114566,46
81800,43
114569,42
114571,10
114567,26
114570,24
114572,37
81805,18
81806,28
114577,14
114578,12
81807,12
81808,14
114581,15
114574,14
114575,19
81811,25
114585,19
81812,21
114579,46
81814,16
114580,9
114582,6
114583,7
114586,11
81819,19
114588,50
114589,19
114587,12
114590,22
81826,21
114591,18
114593,24
114598,10
81831,30
81832,20
114600,17
114603,16
81837,14
114605,12
114606,29
114607,18
114608,20
114609,8
114612,30
114614,19
114615,16
114616,12
114617,7
114618,38
114620,18
114621,20
114622,47
114625,12
114629,74
114631,31
114632,52
114633,11
114634,10
114639,31
114640,12
114642,23
114643,34
114644,19
114645,4
114646,14
114648,14
114649,6
114653,24
114657,17
114658,54
114659,18
114661,129
114662,21
114664,18
114665,18
114670,22
114671,16
114673,33
114675,19
114676,26
114678,71
114680,23
114872,14
114900,21
114928,20
82176,28
82183,17
82184,35
82186,16
82189,24
82190,19
82191,16
114957,39
82193,20
82195,18
82196,24
82197,21
82198,18
82199,19
82200,17
82204,13
82206,33
82207,25
82208,14
82212,36
82213,25
82214,27
82218,19
82222,32
82224,15
82225,24
82226,17
82228,22
82229,19
82230,14
82232,13
82233,38
82235,16
82236,15
82237,36
82238,16
82240,23
82242,23
82244,23
82245,18
82248,17
82251,20
82252,26
82256,20
82260,53
82261,22
82262,25
82263,22
82264,18
82265,22
82267,15
82268,12
82269,38
82270,22
82271,19
82272,19
82274,17
82275,17
82276,17
115043,33
82278,20
82280,22
82281,26
82282,53
82283,26
82285,49
82286,20
82288,30
82289,11
82290,23
82291,18
82292,20
82293,23
82294,24
82295,21
82296,12
115061,18
82298,20
115064,49
82301,9
82302,24
82305,15
82308,14
82309,27
82310,17
82315,24
82316,19
82317,36
82320,21
82321,18
82322,19
82324,18
82327,15
82328,18
82329,20
82330,12
82331,25
82333,15
82336,42
115105,47
82338,22
82340,25
82341,28
82342,16
82346,22
82347,45
82348,19
82350,21
82351,10
82352,24
82353,17
82354,14
82355,11
82356,17
82357,10
82358,28
82359,16
82360,24
82361,20
82362,17
82363,19
82364,13
115124,85
82367,18
82368,14
82370,13
82371,9
82374,18
82376,19
82378,18
82380,40
82381,18
82383,19
82384,34
82385,19
82386,14
82387,26
82388,21
82389,18
82390,67
82391,19
82393,15
82394,14
82396,24
82397,11
82398,22
82399,22
82400,16
82401,19
82403,14
82405,28
82406,9
82407,29
82408,29
82409,23
82410,25
82412,20
82413,19
82414,17
82416,17
82417,17
82418,17
82419,16
82420,20
115184,50
82422,32
82423,19
82425,13
82426,14
82427,25
82428,24
82429,19
82430,18
82431,26
82432,12
82437,16
82439,8
82442,18
82443,19
82444,15
82445,20
82446,24
82447,21
82448,23
82451,18
82452,59
82453,19
82454,66
82456,24
82457,22
82459,20
82460,39
82461,35
82463,54
82464,18
82465,15
82466,7
115232,48
115233,6
82471,10
82472,21
82473,17
82475,89
82477,14
82479,22
82480,26
82481,21
82482,88
82483,30
82486,19
82487,111
82488,84
82489,4
82490,26
82491,31
82492,12
82494,84
82496,149
82498,18
82499,24
82500,81
82501,114
82503,12
82505,19
82506,74
115273,14
82509,18
82512,126
82513,23
82514,119
115282,16
82516,22
82517,13
82518,9
82521,139
82525,16
82526,14
82532,17
82533,21
82536,95
82537,24
82540,17
115309,22
115312,21
82545,20
82546,10
82547,17
82549,13
82553,79
82554,13
82555,20
82556,21
82562,22
82563,61
82566,20
82567,10
115334,29
82569,14
82571,42
82573,17
82574,21
82575,18
82576,74
82577,20
82578,24
82579,80
115341,6
82581,15
82582,16
82583,52
115347,49
82585,56
82586,27
82591,17
82596,111
82597,22
115364,9
82600,46
82601,161
82602,27
82603,12
115371,35
82605,20
82606,22
115375,15
82611,63
82614,22
82615,15
82616,50
82617,54
82620,25
82622,12
82624,18
82625,17
82626,40
82628,27
82629,61
82630,61
82633,66
82634,127
82635,8
82636,15
82638,116
82639,29
82640,11
82643,15
82644,97
82645,93
82646,73
82647,45
82648,102
82649,25
82651,42
82652,37
82656,10
82657,68
82661,15
82662,82
82666,160
82668,28
82670,41
82671,74
82672,44
82673,38
82676,35
82679,26
82681,10
82686,18
82687,18
82689,16
82690,75
82692,17
82693,87
82694,77
82695,96
82696,166
82697,40
82704,40
82705,85
82709,37
82712,140
82714,130
82717,65
82719,118
82720,91
82721,27
82722,41
82724,61
82727,13
82906,16
82907,45
82910,32
82912,31
82913,107
82916,131
82918,15
82919,15
82920,27
82921,17
82922,23
82923,26
82927,10
82931,17
82932,14
82934,25
82935,31
82937,15
82938,111
82939,31
82940,25
82941,15
82942,19
82943,23
82944,25
82945,14
82947,33
82949,9
82950,19
82951,46
82956,37
82957,16
82958,19
82959,15
82960,26
82961,31
82963,17
82965,24
82966,18
82967,19
82968,18
82972,24
82973,18
82974,17
82975,29
82977,18
82978,24
82979,26
82980,10
82982,15
82983,22
82984,34
82986,8
82987,14
82988,23
82989,26
82990,20
82991,34
82992,19
82994,29
82995,29
82996,43
82997,10
82998,26
83001,25
83003,26
83004,19
83005,23
83009,19
83011,15
83014,14
83016,17
83019,36
83021,24
83022,27
83024,17
83025,14
83026,18
83027,27
83028,19
83029,26
83031,16
83032,30
83036,13
83037,22
83038,20
83039,24
83040,24
83041,13
83042,13
83044,20
83046,30
83048,24
83050,24
83052,19
83054,68
83055,16
83056,26
83057,14
83058,16
83059,4
83060,28
83061,35
83062,24
83064,12
83065,25
83066,19
83068,21
83070,36
83071,17
83072,36
83076,22
83077,40
83078,28
83079,41
83080,24
83081,30
83082,19
83083,24
83087,18
83091,18
83093,20
83096,31
83097,23
83099,20
83100,20
83101,24
83106,8
83107,21
83108,27
83109,17
83111,41
83113,19
83114,20
83115,29
83117,67
83118,23
83120,36
83121,26
83122,41
83124,34
83125,14
83126,15
83127,23
83128,35
83129,17
83130,14
83131,14
83132,19
83133,11
83136,23
83137,17
83138,64
83139,22
83140,25
83142,30
83145,43
83146,24
83147,43
83148,12
83151,16
83152,10
83153,22
83155,25
83158,20
83159,16
83162,20
83165,24
83167,20
83169,58
83171,18
83172,16
83173,22
83174,3
83175,24
83176,17
83177,55
83178,27
83179,31
83181,17
83182,22
83185,21
83186,19
83187,37
83189,37
83190,61
83194,25
83195,12
83197,17
83199,19
83201,24
83203,28
83204,20
83206,21
83209,36
83212,8
83213,18
83214,26
83216,17
83217,19
83218,20
83219,72
83220,58
83221,20
83222,24
83224,12
83226,9
83227,51
83228,40
83229,28
83230,13
83231,25
83233,26
83234,17
83235,27
83237,33
83238,22
83239,69
83240,19
83242,46
83243,15
83244,19
83246,10
83248,39
83250,31
83251,56
83253,17
83255,30
83258,13
83260,21
83262,12
83265,44
83267,24
83269,13
83271,23
83273,24
83275,14
83276,8
83278,68
83280,48
83281,8
83282,15
83284,9
83289,39
83291,27
83292,16
83293,86
83294,45
83295,13
83296,101
83297,10
83300,62
83301,45
83302,43
83304,7
83305,24
83306,50
83307,16
83313,76
83315,18
83318,24
83319,90
83322,15
83326,49
83329,9
83330,13
83331,7
83333,8
83336,160
83339,89
83340,78
83341,12
83342,17
83345,33
83346,24
83347,41
83348,42
83349,7
83351,49
83354,107
83355,9
83356,23
83358,10
83359,54
83361,22
83362,41
83365,40
83370,8
83371,39
83373,25
83374,28
83376,23
83378,34
83379,19
83381,39
83382,73
83384,8
83388,17
83389,52
83392,24
83393,11
83394,19
83395,18
83399,22
83401,40
83402,29
83403,15
83408,29
83411,19
83412,19
83413,14
83415,48
83417,21
83418,53
83419,23
83420,85
83421,19
83422,26
83423,52
83424,137
83428,5
83429,20
83433,41
83434,111
83435,25
83437,21
83440,11
83441,16
83442,29
83443,13
83444,23
83445,17
83448,63
83449,31
83450,40
83451,29
83452,11
83453,33
83455,16
83457,13
83459,23
83460,40
83464,44
83465,23
83466,53
83468,28
83469,34
83470,16
83471,43
83480,30
83483,12
83484,5
83842,39
83852,14
83853,15
83854,21
83856,18
83857,17
83859,29
83860,18
83862,20
83863,13
83865,17
83867,19
83868,33
83869,14
83870,16
83871,25
83873,16
83874,29
83877,21
83878,16
83879,22
83880,20
83881,18
83885,10
83886,9
83888,10
83889,18
83890,30
83891,21
83893,22
83894,35
83895,14
83896,6
83901,45
83902,36
83903,18
83906,24
83907,26
83908,23
83909,18
83913,22
83914,32
83915,15
83916,48
83917,14
83918,11
83919,32
83921,51
83923,13
83924,8
83925,40
83927,9
83928,15
83929,39
83930,23
83932,106
83934,18
83935,17
83936,11
83938,15
83939,22
83940,18
83941,20
83942,55
83948,13
83949,20
83951,14
83952,35
83954,26
83955,21
83957,14
83959,16
83960,11
83961,15
83962,22
83963,12
83964,41
83965,27
83967,23
83971,21
83973,21
83975,11
83976,15
83980,17
83981,44
83983,17
83984,60
83985,9
83987,15
83988,19
83990,16
83991,21
83993,10
83996,31
83997,37
83998,8
83999,27
84000,30
84004,22
84005,20
84007,22
84008,24
84011,27
84014,25
84015,17
84016,16
84019,48
84021,26
84022,42
84023,36
84024,51
84025,16
84027,21
84031,9
84032,24
84034,10
84036,25
84039,22
84041,20
84043,14
84045,78
84046,20
84049,39
84050,10
84052,17
84056,25
84057,43
84058,48
84059,30
84060,50
84061,75
84062,28
84065,23
84067,40
84068,47
84072,30
84074,32
84076,12
84077,20
84079,31
84080,14
84081,15
84084,34
84087,15
84088,17
84089,12
84091,42
84093,21
84096,24
84097,15
84098,21
84101,18
84102,20
84105,16
84108,37
84111,21
84113,19
84115,22
84116,23
84117,15
84118,20
84120,14
84121,26
84122,11
84123,73
84128,8
84129,23
84130,32
84132,17
84133,20
84135,17
84139,23
84140,14
84143,5
84146,49
84147,8
84149,20
84152,45
84155,22
84157,17
84161,143
84162,18
84164,13
84167,34
84169,24
84170,19
84171,16
84176,37
84177,32
84179,46
84182,23
84184,80
84188,19
84191,22
84192,70
84193,14
84194,12
84196,28
84197,18
84198,25
84199,37
84200,38
84202,45
84203,24
84206,23
84212,19
84213,16
84215,15
84217,37
84219,110
84220,9
84221,3
84223,24
84224,40
84225,75
84227,51
84228,31
84231,25
84237,22
84239,19
84240,75
84245,39
84246,88
84247,6
84248,14
84249,52
84250,58
84251,14
84252,49
84255,31
84256,38
84257,42
84258,50
84261,58
84263,38
84267,95
84268,30
84271,49
84274,44
84277,25
84278,22
84281,21
84283,19
84287,34
84288,40
84289,50
84290,4
84291,29
84292,42
84293,64
84294,44
84295,29
84296,21
84299,41
84300,27
84302,68
84304,39
84310,16
84314,47
84317,121
84320,10
84321,47
84323,30
84329,48
84331,72
84334,25
84335,49
84336,40
84337,34
84340,39
84341,12
84344,121
84345,7
84351,24
84355,171
84356,11
84360,71
84361,32
84363,143
84365,17
84369,22
84370,7
84373,41
84375,41
84376,104
84378,41
84379,25
84381,8
84382,93
84383,6
84384,26
84386,52
84387,108
84388,13
84391,31
84392,21
84394,34
84395,55
84397,159
84398,30
84400,116
84404,17
84405,33
84406,47
84624,25
84646,21
84650,20
84661,20
84668,17
84670,15
84680,18
84681,12
84688,20
84693,23
84702,14
84715,11
84717,46
84731,14
84740,19
84756,94
84765,23
84808,17
84962,7
85010,40
85072,10
91449,6
91450,11
91451,19
91454,24
91455,22
91458,25
91462,31
91465,18
91467,28
91471,14
91472,30
91474,54
91479,16
91480,19
91482,17
91488,18
91491,19
91494,59
91496,18
91500,13
91502,11
91507,11
91508,27
91513,9
91514,15
91516,13
91525,26
91526,13
91529,16
91531,54
91534,26
91535,13
91538,28
91546,23
91552,19
91553,22
91558,38
91562,20
91563,26
91572,18
91577,32
91579,42
91583,25
91585,19
91590,9
91591,70
91596,27
91601,19
91614,25
91617,14
91621,22
91628,28
91635,18
91636,24
91640,18
91647,33
91651,29
91655,29
91658,19
91670,20
91671,21
91674,14
91675,8
91679,24
91685,17
91689,26
91691,17
91692,18
91696,26
91699,30
91706,78
91716,20
91720,18
91726,24
91729,67
91732,7
91738,39
91742,23
91750,43
91751,15
91758,12
91770,15
91773,67
91790,22
91796,79
91799,42
91811,19
91812,74
91814,9
91820,31
91826,25
91842,29
91845,41
91850,28
91851,21
91852,16
91854,41
91860,22
91868,23
91870,8
91881,34
91882,18
91893,28
91894,16
91897,22
91901,26
91926,26
91927,17
91931,26
91949,35
91953,21
91955,29
91967,14
91980,33
91985,21
91990,25
92006,19
92029,9
92033,20
92035,9
92037,23
92051,15
92052,20
92072,8
92074,25
92079,10
92080,26
92081,60
92087,17
92104,24
92119,32
92121,14
92130,18
92136,27
92163,18
92164,31
92170,16
92171,35
92199,20
92207,52
92211,114
92213,95
92214,53
92216,59
92217,16
92219,75
92220,21
92221,36
92222,163
92223,18
92224,41
92228,7
92232,45
92233,65
92236,25
92237,107
92238,33
92241,9
92244,47
92245,54
92246,97
92249,18
92250,10
92251,54
92252,61
92253,7
92254,41
92255,19
92257,71
92262,9
92263,64
92265,38
92266,22
92267,28
92272,64
92273,28
92278,124
92281,106
92282,21
92283,33
92284,50
92285,107
92287,14
92288,24
92289,47
92290,12
92291,43
92295,22
92298,30
92301,13
92302,125
92303,16
92305,73
92306,11
92311,23
92312,17
92313,19
92314,48
92316,11
92317,30
92319,18
92320,24
92321,42
92323,8
92324,5
92326,7
92327,37
92330,12
92331,25
92332,17
92333,18
92335,30
92336,4
92337,27
92338,17
92339,10
92341,18
92342,37
92343,37
92345,19
92348,36
92351,109
92352,25
92353,19
92361,23
92367,10
92368,33
92371,21
92372,22
92373,12
92376,51
92377,27
92378,25
92379,9
92382,23
92383,56
92384,109
92385,102
92388,43
92389,13
92390,24
92392,11
92394,10
92397,9
92398,19
92399,52
92401,21
92404,69
92407,45
92409,97
92410,41
92411,8
92412,18
92414,47
92415,52
92417,34
92418,6
92419,57
92420,57
92421,41
92422,14
92426,17
92428,38
92430,13
92431,35
92433,95
92436,14
92437,70
92438,91
92439,22
92443,100
92448,71
92450,25
92452,20
92453,29
92454,42
92457,10
92458,21
92462,48
92464,46
92466,41
92467,10
92472,25
92477,62
92478,17
92480,27
92481,34
92485,30
92486,19
92487,47
92489,46
92490,9
92492,17
92494,40
92496,147
92497,10
92501,28
92502,20
92503,17
92504,42
92506,43
92508,49
92509,26
92513,21
92515,31
92517,21
92518,7
92520,45
92526,25
92531,2
92533,10
92535,21
92536,30
92537,12
92538,61
92539,77
92540,25
92543,114
92544,7
92551,15
92559,61
92560,80
92562,103
92564,63
92565,28
92567,97
92568,25
92569,20
92570,20
92572,76
92573,12
92575,94
92576,49
92578,23
92579,34
92580,67
92581,30
92582,114
92583,61
92584,130
92585,18
92589,30
92590,15
92592,37
92593,20
92596,42
92599,14
92600,51
92601,45
92603,11
92606,14
92607,10
92611,17
92614,47
92617,22
92620,42
92621,179
92623,51
92626,13
92627,34
92628,10
92629,11
92630,14
92633,17
92634,27
92635,11
92641,29
92643,28
92647,15
92648,24
92650,34
92651,66
92652,9
92653,17
92654,14
92656,22
92657,10
92658,34
92660,7
92661,66
92662,21
92665,41
92666,30
92667,57
92668,46
92669,9
92671,39
92672,23
92673,43
92675,11
92676,43
92680,79
92681,13
92682,24
92687,39
92690,18
92692,30
92693,37
92696,40
92697,16
92700,74
92701,31
92702,23
92704,22
92705,17
92714,18
92720,122
92728,15
92729,46
92730,4
92731,161
92735,23
92736,17
92737,18
92739,153
92740,157
92741,20
92742,61
92744,92
92745,76
92746,33
92748,31
92749,20
92750,70
92751,45
92752,146
92753,117
92757,11
92758,53
92763,96
92766,129
92767,24
92771,45
92772,103
92773,148
92774,17
92775,19
92776,83
92777,63
92779,138
92780,75
92785,62
92786,42
92787,139
92790,16
92791,18
92793,104
92796,126
92797,125
92799,53
92803,178
92807,121
92812,50
92814,116
92817,55
92818,83
92819,34
92823,46
92825,21
92828,67
92832,23
92833,31
92834,26
92835,27
92836,11
92837,14
92838,22
92843,56
92844,24
92845,19
92847,27
92848,88
92850,20
92851,29
92852,14
92854,14
92858,21
92860,17
92861,47
92865,15
92867,25
92868,172
92869,25
92871,24
92872,21
92874,15
92877,54
92878,25
92880,29
92881,17
92882,9
92884,21
92885,27
92887,16
92889,27
92890,179
92891,14
92894,31
92895,20
92897,39
92899,24
92901,27
92904,28
92905,57
92906,26
92909,20
92910,20
92912,30
92913,20
92914,8
92920,18
92921,44
92922,37
92923,39
92924,35
92925,8
92926,14
92927,7
92928,57
92930,21
92933,15
92934,21
92936,37
92937,33
92939,22
92940,25
92941,17
92943,14
92944,12
92946,21
92947,35
92949,31
92950,51
92951,31
92953,37
92955,53
92956,16
92957,16
92958,19
92960,41
92961,35
92962,6
92963,25
92966,13
92967,81
92970,41
92971,30
92973,24
92974,52
92976,11
92977,32
92978,18
92979,96
92980,31
92982,76
92984,11
92985,45
92987,38
92989,23
92992,27
92995,76
93000,20
93001,40
93002,29
93003,54
93006,34
93007,24
93009,49
93010,29
93011,19
93013,46
93014,27
93015,21
93017,32
93018,17
93021,22
93022,102
93024,94
93025,7
93026,21
93027,23
93029,23
93030,24
93033,25
93034,25
93035,37
93036,11
93037,23
93042,25
93043,25
93044,12
93045,21
93046,20
93047,11
93048,32
93049,14
93052,36
93053,21
93054,26
93055,13
93056,9
93057,28
93058,53
93062,21
93064,34
93065,33
93066,58
93067,13
93068,23
93069,19
93070,16
93073,13
93074,26
93075,16
93076,4
93077,34
93078,46
93080,22
93081,20
93082,13
93085,41
93088,25
93089,10
93091,29
93092,10
93094,30
93095,24
93096,21
93100,12
93101,24
93102,17
93103,21
93104,22
93105,23
93108,39
93109,15
93110,37
93114,23
93116,121
93117,122
93118,6
93120,54
93121,24
93122,9
93123,75
93129,29
93132,16
93133,23
93135,36
93137,63
93139,14
93140,16
93141,32
93142,14
93147,53
93148,33
93151,6
93152,18
93154,21
93155,86
93156,7
93159,19
93160,23
93162,18
93167,15
93168,109
93169,22
93172,138
93174,5
93178,24
93179,12
93182,101
93183,20
93184,37
93185,26
93186,15
93188,33
93190,28
93194,12
93195,72
93196,38
93198,63
93199,53
93200,13
93201,23
93204,17
93205,13
93206,15
93207,47
93209,18
93210,20
93211,14
93213,10
93215,18
93216,14
93220,8
93221,52
93222,15
93223,21
93225,51
93228,36
93231,98
93235,73
93239,24
93243,35
93245,32
93246,9
93247,20
93248,57
93249,54
93252,17
93255,12
93256,21
93258,65
93261,58
93263,69
93265,9
93269,11
93270,77
93271,17
93273,24
93274,54
93275,112
93277,21
93279,18
93283,107
93285,27
93289,14
93290,39
93293,21
93294,99
93295,11
93296,47
93298,88
93299,29
93305,32
93319,149
93320,26
93324,16
93325,60
93329,68
93330,31
93331,90
93335,3
93336,47
93338,88
93339,14
93341,51
93344,21
93345,32
93346,61
93351,38
93362,100
93363,61
93366,66
93367,35
93368,59
93371,39
93372,78
93373,64
93379,79
93380,30
93386,140
93389,16
93390,34
93391,65
93393,32
93395,152
93397,40
93399,11
93400,16
93406,28
93407,42
93409,29
93412,33
93413,21
93414,18
93416,29
93417,41
93418,23
93419,26
93422,25
93425,17
93426,21
93428,28
93429,20
93430,34
93433,10
93434,52
93435,43
93437,15
93440,25
93441,12
93442,37
93443,17
93444,24
93446,30
93447,9
93448,49
93449,46
93450,23
93451,25
93453,13
93456,25
93458,18
93459,29
93460,22
93461,16
93463,25
93464,24
93465,16
93467,19
93469,22
93470,18
93473,22
93475,22
93476,16
93478,28
93479,33
93481,7
93483,16
93485,9
93486,26
93489,20
93490,23
93492,20
93493,24
93494,41
93495,17
93496,15
93497,15
93498,72
93499,25
93500,19
93501,13
93505,17
93506,19
93507,26
93508,14
93509,26
93510,57
93511,21
93512,80
93514,23
93517,36
93519,22
93520,25
93521,28
93523,31
93526,15
93527,11
93528,18
93529,8
93531,20
93533,15
93534,8
93535,10
93536,8
93538,27
93539,68
93540,17
93541,11
93542,22
93548,17
93553,16
93555,18
93556,19
93557,19
93558,43
93560,23
93563,18
93564,26
93565,21
93567,9
93569,19
93571,24
93572,31
93575,19
93576,21
93577,18
93578,24
93579,32
93580,17
93581,19
93582,19
93584,9
93586,36
93587,21
93588,18
93589,21
93590,32
93592,13
93593,2
93595,17
93598,16
93599,60
93601,32
93604,12
93606,20
93608,21
93609,32
93610,14
93612,31
93614,29
93615,35
93617,14
93618,8
93621,14
93622,47
93627,28
93628,7
93629,23
93632,24
93634,17
93636,8
93637,21
93638,18
93640,11
93642,13
93650,22
93651,35
93653,22
93655,5
93656,19
93657,32
93659,18
93660,19
93662,26
93663,17
93666,29
93668,20
93669,29
93674,22
93675,20
93676,11
93680,22
93683,15
93684,24
93687,14
93688,20
93689,22
93690,25
93693,24
93694,14
93696,24
93697,20
93700,18
93702,29
93703,18
93704,16
93705,26
93707,12
93708,8
93709,15
93710,26
93711,24
93712,21
93715,16
93716,11
93718,16
93719,26
93720,11
93722,20
93726,9
93727,29
93728,23
93730,19
93731,21
93732,13
93734,21
93735,23
93736,10
93737,11
93738,18
93739,19
93741,13
93744,19
93745,15
93746,6
93748,27
93749,10
93750,11
93751,41
93753,36
93754,26
93756,48
93757,15
93758,23
93760,19
93761,23
93763,15
93764,19
93766,6
93767,22
93769,44
93770,29
93771,13
93773,20
93774,23
93775,7
93776,17
93777,19
93778,21
93779,16
93781,18
93782,20
93784,58
93785,22
93789,16
93791,23
93793,7
93794,28
93795,13
93797,36
93798,19
93799,21
93800,17
93802,18
93803,21
93805,16
93807,29
93809,16
93811,23
93812,24
93814,8
93817,25
93821,23
93823,21
93826,17
93827,22
93828,70
93830,29
93832,23
93834,22
93835,31
93836,13
93837,11
93839,15
93840,22
93841,32
93842,5
93847,10
93848,38
93850,22
93854,21
93855,24
93856,25
93857,18
93858,19
93859,22
93861,21
93862,10
93865,17
93866,40
93867,29
93870,20
93871,19
93872,15
93874,18
93877,12
93880,10
93881,23
93882,20
93883,31
93885,8
93886,9
93888,23
93890,17
93892,39
93893,21
93894,6
93895,20
93896,32
93897,16
93898,9
93899,9
93900,11
93901,17
93903,28
93904,19
93905,7
93907,31
93908,24
93912,30
93914,14
93916,24
93917,22
93919,7
93924,11
93925,15
93926,16
93932,33
93935,16
93936,30
93937,18
93938,12
93939,20
93940,7
93943,11
93944,13
93945,17
93946,25
93947,21
93948,14
93949,15
93950,28
93955,33
93958,24
93959,19
93960,17
93961,12
93962,19
93964,26
93966,19
93967,14
93969,23
93972,20
93976,26
93977,17
93978,16
93981,20
93983,23
93984,18
93985,19
93986,22
93987,26
93989,16
93990,30
93991,37
93992,22
93996,11
93998,44
94000,42
94001,19
94002,20
94003,10
94005,17
94006,26
94008,17
94009,20
94010,21
94011,26
94012,20
94013,17
94021,32
94024,24
94027,22
94028,19
94030,14
94034,39
94036,8
94037,18
94039,26
94040,40
94041,19
94042,19
94043,27
94044,16
94046,23
94047,15
94050,23
94052,22
94055,19
94057,22
94058,20
94059,27
94060,18
94062,12
94063,15
94065,24
94067,20
94070,18
94071,40
94073,14
94075,26
94079,11
94081,33
94082,17
94086,31
94089,47
94091,14
94092,21
94093,21
94095,28
94096,39
94100,18
94102,24
94103,22
94105,22
94108,15
94113,22
94114,22
94115,62
94117,19
94119,19
94120,24
94121,14
94122,17
94123,25
94126,17
94127,26
94128,20
94129,45
94130,26
94131,19
94132,31
94134,15
94135,23
94136,24
94138,8
94140,19
94141,13
94145,21
94146,17
94147,16
94148,21
94150,27
94153,19
94155,19
94156,20
94159,23
94160,46
94161,24
94162,16
94163,23
94164,48
94166,24
94167,16
94171,21
94173,14
94174,22
94176,17
94178,19
94179,10
94180,22
94182,17
94183,22
94184,103
94185,20
94187,50
94191,21
94193,25
94194,20
94195,50
94198,17
94200,25
94201,27
94202,25
94203,20
94204,58
94207,20
94209,19
94211,32
94212,28
94215,6
94216,25
94218,17
94219,21
94221,33
94224,30
94226,10
94227,17
94229,32
94230,17
94235,22
94236,23
94237,18
94238,21
94239,24
94240,41
94242,23
94243,24
94245,40
94246,37
94249,23
94316,14
94340,25
94367,20
94403,34
94408,13
94431,12
94441,22
94444,19
94462,13
94475,44
94499,16
94509,17
94511,14
94523,18
94526,40
94560,26
94573,21
94618,14
94622,12
94640,14
94643,14
94656,9
94670,13
94677,16
94687,19
94697,16
94700,18
94712,11
94716,24
94725,24
94732,31
94739,24
94751,27
94753,21
94770,17
94772,38
94793,16
94800,15
94812,9
94835,21
94847,23
94849,27
94858,16
94865,9
94873,8
94876,23
94886,18
94889,30
94907,23
94919,16
94951,9
94964,10
94968,40
